project_id,state,district,constituency,MP_name,project_name,project_category,sanctioned_amount,released_amount,expenditure,project_status,sanction_date,start_date,completion_date,implementing_agency,contractor,latitude,longitude,beneficiary_count,_demo_injected_issue
MPLAD-2026-00522,Uttar Pradesh,Agra,Agra Constituency 6,Rajesh Sharma,Construction of CC Road,Roads,10593552.43,9214996.25,8966954.99,Completed,2022-11-26,2023-01-10,2023-08-06,Zilla Parishad,Unity Infrastructure,27.332106,80.928871,-285.0,EXTREME_COST
MPLAD-2026-00738,Uttar Pradesh,Agra,Agra Constituency 7,Rajesh Sharma,Construction of CC Road,Roads,4334000.0,3422971.18,1705564.6,Completed,2021-08-06,2021-10-23,2022-06-13,Zilla Parishad,Metro Civil Contractors,26.493496,81.237926,12744.0,NORMAL
MPLAD-2026-00741,Odisha,Khordha,Khordha Constituency 2,Priya Singh,Improvement of Village Road,Roads,4520000.0,3796303.93,2482834.72,Completed,2024-01-25,2024-02-18,2024-07-14,State Water Resources Department,Reliable Infra Solutions,20.621172,85.656725,3215.0,NORMAL
MPLAD-2026-00661,West Bengal,Murshidabad,Murshidabad Constituency 4,Meena Patel,Rural Drinking Water Facility,Drinking Water,2871000.0,2710649.31,2319356.36,Delayed,2022-03-26,2022-04-21,2024-02-14,State Public Works Department,Apex Civil Works,22.598092,88.602262,6037.0,MAJOR_DELAY
MPLAD-2026-00412,Tamil Nadu,Chennai,Chennai Constituency 7,Ramesh Naidu,Construction of Public Facility,Public Facilities,3053000.0,3003420.95,1890530.84,Completed,2024-10-28,2024-12-20,2025-05-31,District Rural Development Agency,Greenfield Contractors,14.117204,80.107423,6085.0,NORMAL
MPLAD-2026-00679,Uttar Pradesh,Varanasi,Varanasi Constituency 8,Priya Singh,Improvement of Village Road,Roads,4406000.0,4353838.48,3447524.83,Completed,2022-07-07,2022-08-23,2023-04-02,District Rural Development Agency,National Projects Ltd,26.60089,81.122512,4587.0,NORMAL
MPLAD-2026-00627,Telangana,Nalgonda,Nalgonda Constituency 7,Sunita Das,Construction of Community Hall,Community Infrastructure,3356000.0,2581345.61,1471414.42,Completed,2021-07-11,2021-08-16,2022-03-11,Rural Development Department,Reliable Infra Solutions,16.487819,78.655025,9179.0,NORMAL
MPLAD-2026-00514,Karnataka,Bengaluru Urban,Bengaluru Urban Constituency 1,Naveen Singh,Public Infrastructure Improvement,Public Facilities,4832000.0,4536963.32,4252631.28,Completed,2025-05-20,2025-06-17,2026-01-06,Municipal Corporation,Bharat Construction Co,12.988702,77.648614,10420.0,NORMAL
MPLAD-2026-00860,Uttar Pradesh,Kanpur Nagar,Kanpur Nagar Constituency 8,Sunita Das,Construction of Community Toilet,Sanitation,4183000.0,3348714.34,2615437.36,Completed,2022-06-09,2022-07-31,2023-01-02,District Administration,Krishna Builders,27.165953,80.750231,5436.0,NORMAL
MPLAD-2026-00137,Maharashtra,Aurangabad,Aurangabad Constituency 8,Naveen Singh,Renovation of Government School,Education,1728000.0,1645407.6,1012488.48,Completed,2025-02-06,2025-04-20,2025-12-01,State Public Works Department,National Projects Ltd,19.599424,,12168.0,DATA_QUALITY
MPLAD-2026-00812,Odisha,Ganjam,Ganjam Constituency 3,Deepak Gupta,Canal Improvement Works,Irrigation,4972000.0,4268279.77,3299397.3,Completed,2024-10-28,2024-12-18,2025-04-10,Rural Development Department,Saksham Projects,20.709753,85.523835,1586.0,NORMAL
MPLAD-2026-00077,Andhra Pradesh,Krishna,Krishna Constituency 1,Vijay Kumar,Healthcare Facility Improvement,Healthcare,2281332.35,2000018.63,1675280.48,Completed,2023-05-13,2023-08-03,2023-10-31,State Water Resources Department,Prime Development Works,16.193989,80.704514,12847.0,EXTREME_COST
MPLAD-2026-00637,West Bengal,Darjeeling,Darjeeling Constituency 5,Arun Rao,Rural Drinking Water Facility,Drinking Water,1615000.0,1272820.15,898127.25,Delayed,2022-05-26,2022-07-15,2022-10-12,Zilla Parishad,Reliable Infra Solutions,17.381213,78.487127,11017.0,GEOGRAPHIC_CLUSTER
MPLAD-2026-00974,Uttar Pradesh,Kanpur Nagar,Kanpur Nagar Constituency 8,Ramesh Naidu,Solar Lighting Installation,Electricity,2560000.0,2170082.81,1794505.1,Completed,2023-10-04,2023-12-19,2024-07-09,Zilla Parishad,Metro Civil Contractors,27.016395,80.933032,1372.0,NORMAL
MPLAD-2026-00939,Gujarat,Rajkot,Rajkot Constituency 5,Ramesh Naidu,Construction of Primary Health Centre,Healthcare,3487000.0,2743088.9,1844595.46,Delayed,2025-03-28,2025-04-17,2025-07-20,District Administration,Prime Development Works,22.769524,,7913.0,DATA_QUALITY
MPLAD-2026-00900,Gujarat,Vadodara,Vadodara Constituency 3,Meena Patel,Construction of Minor Irrigation Facility,Irrigation,1394000.0,1077053.96,806696.93,Completed,2024-09-20,2024-11-25,2025-04-01,Urban Local Body,Unity Infrastructure,23.506703,72.58099,6600.0,NORMAL
MPLAD-2026-00281,Andhra Pradesh,Guntur,Guntur Constituency 1,Ramesh Naidu,Pipeline Extension for Drinking Water,Drinking Water,4676000.0,3631072.45,3062613.35,Delayed,2022-09-10,2022-10-06,2023-12-25,District Administration,Prime Development Works,16.630399,81.53393,6573.0,MAJOR_DELAY
MPLAD-2026-00884,Gujarat,Vadodara,Vadodara Constituency 2,Sunita Das,Community Infrastructure Development,Community Infrastructure,3390000.0,3360128.63,1724129.33,Completed,2022-04-11,2022-06-23,2022-09-19,Rural Development Department,Reliable Infra Solutions,23.999424,72.492251,-79.0,INVALID_NUMERICAL_DATA
MPLAD-2026-00762,Maharashtra,Nagpur,Nagpur Constituency 1,Vijay Kumar,Village Irrigation Infrastructure,Irrigation,2007000.0,1710033.02,1326966.99,Completed,2023-08-22,2023-10-13,2024-05-19,State Public Works Department,Unity Infrastructure,18.974082,72.445952,4865.0,NORMAL
MPLAD-2026-00320,Uttar Pradesh,Varanasi,Varanasi Constituency 7,Rohit Mehta,Installation of Drinking Water Supply System,Drinking Water,1229000.0,991869.96,603492.49,Completed,2022-08-20,2022-10-08,2023-05-10,State Water Resources Department,Sunrise Engineering,26.266218,80.363415,12895.0,NORMAL
MPLAD-2026-00550,Odisha,Khordha,Khordha Constituency 8,Meena Patel,Public Infrastructure Improvement,Public Facilities,4460000.0,4035442.07,2501200.24,Completed,2024-10-15,2024-11-02,2025-04-27,Zilla Parishad,Vardhan Construction,20.708447,85.98042,1869.0,NORMAL
MPLAD-2026-00175,Maharashtra,Aurangabad,Aurangabad Constituency 2,Rajesh Sharma,Construction of School Laboratory,Education,1904000.0,1644738.33,910253.56,Completed,2023-09-17,2023-11-15,2024-05-14,State Water Resources Department,Reliable Infra Solutions,18.7527,72.781649,5325.0,NORMAL
MPLAD-2026-00372,Andhra Pradesh,Nellore,Nellore Constituency 6,Naveen Singh,Installation of Drinking Water Supply System,Drinking Water,990000.0,988449.46,524538.12,Completed,2022-08-06,2022-11-02,INVALID_DATE,Urban Local Body,Prime Development Works,16.218832,80.611741,687.0,INVALID_DATE
MPLAD-2026-00528,West Bengal,Kolkata,Kolkata Constituency 2,Deepak Gupta,Construction of Community Hall,Community Infrastructure,4417000.0,3773857.36,2779557.45,Completed,2024-03-04,2024-05-15,2024-10-08,Municipal Corporation,Prime Development Works,22.324963,88.061669,12583.0,NORMAL
MPLAD-2026-00211,Tamil Nadu,Madurai,Madurai Constituency 7,Deepak Gupta,Construction of Internal Roads,Roads,1671000.0,1667105.16,776105.88,Completed,2023-04-09,2023-06-20,2024-01-08,District Rural Development Agency,Apex Civil Works,14.010037,81.060603,7670.0,NORMAL
MPLAD-2026-00236,Uttar Pradesh,Agra,Agra Constituency 7,Kavita Joshi,Construction of Overhead Water Tank,Drinking Water,2488000.0,2434155.2,1590927.77,Completed,2023-09-20,2023-12-10,2024-05-13,Municipal Corporation,Saksham Projects,26.722927,79.910335,1175.0,NORMAL
MPLAD-2026-00102,Gujarat,Surat,Surat Constituency 7,Rajesh Sharma,Construction of Community Health Facility,Healthcare,4481000.0,4403111.18,2894818.63,Completed,2023-03-23,2023-06-10,2023-11-12,Urban Local Body,Bharat Construction Co,23.509873,73.045611,3778.0,NORMAL
MPLAD-2026-DUP-0014,West Bengal,Murshidabad,Murshidabad Constituency 6,Kavita Joshi,Village Sanitation Infrastructure - Phase II,Sanitation,2977789.86,2496111.56,1456446.79,Completed,2023-05-28,2023-07-03,2023-09-02,Zilla Parishad,Metro Civil Contractors,22.580888,89.118297,11768.0,SIMILAR_DUPLICATE
MPLAD-2026-00903,Gujarat,Surat,Surat Constituency 7,Suresh Reddy,Sports Infrastructure Improvement,Sports Infrastructure,3323000.0,3230457.89,3035226.92,Completed,2025-03-10,2025-04-27,2025-12-23,Rural Development Department,Unity Infrastructure,22.211087,71.858539,7166.0,NORMAL
MPLAD-2026-00948,Telangana,Hyderabad,Hyderabad Constituency 1,Meena Patel,Renovation of Health Sub Centre,Healthcare,725000.0,558143.42,1038047.26,Completed,2023-12-21,2024-01-29,2024-07-28,State Water Resources Department,Reliable Infra Solutions,17.345237,78.320195,10019.0,EXPENDITURE_OVER_SANCTION
MPLAD-2026-00347,Telangana,Nalgonda,Nalgonda Constituency 8,Suresh Reddy,Construction of Public Facility,Public Facilities,3179000.0,2622987.54,2138770.09,Completed,2024-03-26,2024-05-28,2024-08-16,Urban Local Body,Dakshin Projects,16.898522,78.763871,5800.0,NORMAL
MPLAD-2026-00140,Telangana,Karimnagar,Karimnagar Constituency 5,Suresh Reddy,Solar Lighting Installation,Electricity,3606000.0,3280298.26,3018916.92,Delayed,2023-01-23,2023-03-07,2023-07-01,Municipal Corporation,Prime Development Works,17.416411,78.313309,7554.0,NORMAL
MPLAD-2026-00622,Gujarat,Surat,Surat Constituency 7,Rohit Mehta,Construction of School Laboratory,Education,4966000.0,4262848.08,1973506.54,Completed,2024-05-21,2024-07-06,2024-09-23,District Rural Development Agency,Saksham Projects,22.760744,72.114759,11306.0,NORMAL
MPLAD-2026-00500,Odisha,Ganjam,Ganjam Constituency 2,Sunita Das,Solar Lighting Installation,Electricity,3262000.0,2800513.38,1856764.31,Delayed,2021-03-24,2021-06-12,2021-11-06,Zilla Parishad,Greenfield Contractors,17.385419,78.485717,10710.0,GEOGRAPHIC_CLUSTER
MPLAD-2026-00371,Telangana,Hyderabad,Hyderabad Constituency 4,Naveen Singh,Construction of Indoor Sports Hall,Sports Infrastructure,3289000.0,2925194.38,3756680.45,Completed,2021-04-11,2021-05-19,2021-08-24,State Public Works Department,Unity Infrastructure,16.556607,77.91089,2481.0,EXPENDITURE_OVER_SANCTION
MPLAD-2026-00199,Uttar Pradesh,Varanasi,Varanasi Constituency 2,Anil Verma,Electricity Infrastructure Improvement,Electricity,761000.0,587151.98,391772.34,Completed,2023-07-18,2023-08-09,,Municipal Corporation,Unity Infrastructure,26.075789,81.555443,2056.0,CONTRACTOR_CONCENTRATION
MPLAD-2026-00688,Uttar Pradesh,Kanpur Nagar,Kanpur Nagar Constituency 5,Anil Verma,Waste Management Facility,Sanitation,4273000.0,4054156.39,528794.85,Ongoing,2022-05-10,2022-05-25,2022-11-07,Municipal Corporation,Shree Infrastructure Pvt Ltd,27.508727,80.852004,13051.0,UNDER_UTILIZATION
MPLAD-2026-00585,Odisha,Ganjam,Ganjam Constituency 6,Suresh Reddy,Waste Management Facility,Sanitation,3396000.0,3192659.31,2268181.48,Completed,2023-04-30,2023-06-20,2023-08-25,Urban Local Body,Reliable Infra Solutions,20.563739,86.208537,5715.0,NORMAL
MPLAD-2026-00902,Tamil Nadu,Coimbatore,Coimbatore Constituency 4,Naveen Singh,Construction of Community Health Facility,Healthcare,3416000.0,2746436.75,1252949.65,Completed,2022-05-15,2022-06-01,2023-01-03,District Administration,Prime Development Works,12.763917,79.589529,9214.0,NORMAL
MPLAD-2026-00060,Telangana,Nalgonda,Nalgonda Constituency 7,Vijay Kumar,Construction of Indoor Sports Hall,Sports Infrastructure,4192000.0,3440415.25,2061764.91,Completed,2024-04-17,2024-07-15,2025-02-28,State Water Resources Department,National Projects Ltd,17.89927,78.82507,8924.0,NORMAL
MPLAD-2026-00329,Telangana,Warangal,Warangal Constituency 1,Arun Rao,Healthcare Facility Improvement,Healthcare,2391000.0,2262917.32,1582226.99,Completed,2023-01-31,2023-04-15,2023-12-09,District Rural Development Agency,Unity Infrastructure,17.391268,78.475844,13920.0,NORMAL
MPLAD-2026-00097,Rajasthan,Udaipur,Udaipur Constituency 3,Manoj Yadav,Construction of Sports Ground,Sports Infrastructure,3407000.0,2915886.37,1839673.67,Delayed,2023-01-13,2023-03-08,2023-06-22,State Water Resources Department,Unity Infrastructure,27.008742,75.226718,3245.0,NORMAL
MPLAD-2026-00313,Tamil Nadu,Coimbatore,Coimbatore Constituency 1,Deepak Gupta,Village Electrification Works,Electricity,4728000.0,3584489.05,2235446.81,Delayed,2024-11-06,2024-12-13,2025-06-08,State Water Resources Department,Reliable Infra Solutions,13.799634,80.040653,5271.0,NORMAL
MPLAD-2026-00975,Odisha,Khordha,Khordha Constituency 1,Rohit Mehta,Construction of Approach Road,Roads,725000.0,545782.16,320437.25,Completed,2021-01-01,2021-02-23,2021-08-15,Municipal Corporation,Vardhan Construction,20.802823,85.801373,-128.0,INVALID_NUMERICAL_DATA
MPLAD-2026-00300,Tamil Nadu,Chennai,Chennai Constituency 5,Kavita Joshi,Sports Infrastructure Improvement,Sports Infrastructure,1660000.0,1247269.82,1025034.83,Completed,2021-01-15,2021-04-13,2021-10-23,District Administration,Shree Infrastructure Pvt Ltd,12.882768,80.440485,10824.0,NORMAL
MPLAD-2026-00278,Gujarat,Rajkot,Rajkot Constituency 8,Amit Kumar,Village Sanitation Infrastructure,Sanitation,1941000.0,1495708.13,744830.07,Completed,2025-05-03,2025-07-25,2026-02-06,Zilla Parishad,Bharat Construction Co,23.174421,72.386055,11082.0,NORMAL
MPLAD-2026-00925,Andhra Pradesh,Visakhapatnam,Visakhapatnam Constituency 8,Rajesh Sharma,Construction of Overhead Water Tank,Drinking Water,671000.0,568347.71,279515.69,Completed,2024-11-21,2024-12-14,2025-04-14,State Water Resources Department,Unity Infrastructure,16.936256,80.792237,12197.0,NORMAL
MPLAD-2026-00602,Odisha,Khordha,Khordha Constituency 6,Meena Patel,Construction of Public Facility,Public Facilities,3804000.0,3132463.69,1715144.4,Completed,2021-10-21,2022-01-10,2022-08-04,State Public Works Department,Reliable Infra Solutions,20.351134,86.068984,2194.0,NORMAL
MPLAD-2026-00440,West Bengal,Howrah,Howrah Constituency 5,Rajesh Sharma,Road Widening and Improvement,Roads,4690000.0,4418587.55,4082308.85,Delayed,2022-10-18,2022-11-21,2023-01-21,Urban Local Body,Saksham Projects,22.56521,88.898677,10704.0,NORMAL
MPLAD-2026-00838,Rajasthan,Kota,Kota Constituency 8,Anil Verma,Renovation of Public Building,Public Facilities,4658000.0,3700346.21,2198760.17,Completed,2023-12-27,2024-02-22,2024-08-18,District Rural Development Agency,Greenfield Contractors,27.639319,75.642256,6380.0,NORMAL
MPLAD-2026-00571,Uttar Pradesh,Varanasi,Varanasi Constituency 7,Suresh Reddy,Construction of Overhead Water Tank,Drinking Water,2914000.0,2533905.96,1227377.16,Completed,2022-02-27,2022-03-30,2022-07-20,State Water Resources Department,Eastern Infrastructure,26.712796,81.565268,2701.0,NORMAL
MPLAD-2026-00880,Karnataka,Mysuru,Mysuru Constituency 2,Ramesh Naidu,Rural Drinking Water Facility,Drinking Water,1770000.0,1599643.94,919618.34,Completed,2022-05-29,2022-07-06,2023-02-19,State Water Resources Department,Reliable Infra Solutions,13.697125,78.186312,,DATA_QUALITY
MPLAD-2026-00262,Tamil Nadu,Chennai,Chennai Constituency 8,Arun Rao,Water Conservation Structure,Irrigation,896000.0,783654.18,476485.85,Completed,2023-10-16,2023-11-02,2024-01-27,State Public Works Department,Shree Infrastructure Pvt Ltd,12.784519,,13631.0,DATA_QUALITY
MPLAD-2026-00579,Maharashtra,Aurangabad,Aurangabad Constituency 1,Kavita Joshi,Construction of CC Road,Roads,3976000.0,3744511.55,3424019.84,Completed,2023-02-07,2023-03-24,2023-07-13,State Public Works Department,Krishna Builders,18.766332,73.891296,338.0,NORMAL
MPLAD-2026-00024,Uttar Pradesh,Kanpur Nagar,Kanpur Nagar Constituency 4,Manoj Yadav,Pipeline Extension for Drinking Water,Drinking Water,4011000.0,3894816.07,2544049.83,Delayed,2024-06-25,2024-07-29,2024-11-26,Municipal Corporation,Metro Civil Contractors,26.639413,81.421905,14541.0,NORMAL
MPLAD-2026-00031,West Bengal,Howrah,Howrah Constituency 2,Anil Verma,Construction of Indoor Sports Hall,Sports Infrastructure,920000.0,908959.92,515775.04,Completed,2022-09-28,2022-11-10,2023-02-28,Zilla Parishad,Shree Infrastructure Pvt Ltd,22.356972,88.280353,7884.0,NORMAL
MPLAD-2026-00618,Maharashtra,Pune,Pune Constituency 2,Rajesh Sharma,Construction of Indoor Sports Hall,Sports Infrastructure,2136000.0,1892724.1,1252085.57,Completed,2024-09-09,2024-09-24,2025-01-25,Rural Development Department,Saksham Projects,18.714346,73.615303,10899.0,NORMAL
MPLAD-2026-00011,West Bengal,Kolkata,Kolkata Constituency 3,Suresh Reddy,Renovation of Public Building,Public Facilities,1693000.0,1639007.28,1084316.36,Completed,2022-03-10,2022-06-02,2023-01-24,District Administration,Sunrise Engineering,23.232142,88.262301,11104.0,NORMAL
MPLAD-2026-00222,Maharashtra,Nashik,Nashik Constituency 3,Suresh Reddy,Construction of Approach Road,Roads,2262000.0,2258767.11,2106508.07,Completed,2021-03-08,2021-04-15,2021-11-15,Zilla Parishad,Metro Civil Contractors,18.145651,72.837596,10579.0,NORMAL
MPLAD-2026-00821,Odisha,Khordha,Khordha Constituency 4,Naveen Singh,Canal Improvement Works,Irrigation,3955000.0,3331229.82,5055466.25,Completed,2021-01-04,2021-03-10,2021-05-28,State Water Resources Department,National Projects Ltd,17.386659,78.486312,-464.0,EXPENDITURE_OVER_SANCTION
MPLAD-2026-00297,Odisha,Khordha,Khordha Constituency 4,Meena Patel,Electricity Infrastructure Improvement,Electricity,989000.0,791780.68,696605.35,Completed,2023-10-30,2024-01-06,2024-04-13,State Water Resources Department,National Projects Ltd,20.511641,85.974648,14871.0,NORMAL
MPLAD-2026-00055,Maharashtra,Pune,Pune Constituency 3,Arun Rao,Sports Infrastructure Improvement,Sports Infrastructure,4622000.0,3676210.71,2730192.34,Completed,2024-07-24,2024-10-09,2024-12-31,Urban Local Body,Unity Infrastructure,19.191898,72.844199,5360.0,CONTRACTOR_CONCENTRATION
MPLAD-2026-00543,West Bengal,Howrah,Howrah Constituency 1,Priya Singh,Installation of Street Lighting,Electricity,4415000.0,3939396.59,2745781.72,Completed,2024-02-05,2024-03-15,2024-10-29,Municipal Corporation,Greenfield Contractors,22.744471,88.557419,1170.0,NORMAL
MPLAD-2026-00210,Tamil Nadu,Salem,Salem Constituency 5,Arun Rao,Construction of Community Toilet,Sanitation,907000.0,863372.6,519843.11,Completed,2024-12-14,2025-01-03,2025-04-28,Municipal Corporation,Unity Infrastructure,13.613384,80.301083,1594.0,CONTRACTOR_CONCENTRATION
MPLAD-2026-00605,Uttar Pradesh,Kanpur Nagar,Kanpur Nagar Constituency 2,Manoj Yadav,Community Infrastructure Development,Community Infrastructure,4596000.0,4300670.02,3494354.78,Completed,2024-09-01,2024-11-26,2025-05-16,Rural Development Department,Unity Infrastructure,26.215528,81.73351,1995.0,CONTRACTOR_CONCENTRATION
MPLAD-2026-00693,Telangana,Warangal,Warangal Constituency 1,Manoj Yadav,Construction of Minor Irrigation Facility,Irrigation,999000.0,980817.96,501533.58,Delayed,2021-10-18,2021-12-08,2022-04-14,District Rural Development Agency,Bharat Construction Co,17.718943,78.621382,8197.0,NORMAL
MPLAD-2026-00663,Tamil Nadu,Coimbatore,Coimbatore Constituency 1,Ramesh Naidu,Construction of Additional Classrooms,Education,4829000.0,4471609.16,2856152.67,Completed,2021-02-23,2021-05-03,2021-10-05,District Rural Development Agency,Bharat Construction Co,13.111713,79.38174,7912.0,NORMAL
MPLAD-2026-00867,Karnataka,Bengaluru Urban,Bengaluru Urban Constituency 8,Kavita Joshi,Construction of Primary Health Centre,Healthcare,3952000.0,3389775.37,1994653.85,Completed,2023-07-14,2023-08-17,2024-03-30,Urban Local Body,National Projects Ltd,12.962861,77.458169,7539.0,NORMAL
MPLAD-2026-00071,Tamil Nadu,Salem,Salem Constituency 6,Rajesh Sharma,Installation of Street Lighting,Electricity,1690000.0,1319716.24,837086.55,Completed,2025-03-14,2025-05-01,2025-11-26,Urban Local Body,Greenfield Contractors,13.185057,80.858914,1875.0,NORMAL
MPLAD-2026-00544,Odisha,Cuttack,Cuttack Constituency 2,Suresh Reddy,Village Sanitation Infrastructure,Sanitation,4465000.0,4162383.36,2444001.61,Completed,2024-10-20,2024-11-06,2025-07-01,Rural Development Department,Vardhan Construction,20.759728,85.931955,11252.0,NORMAL
MPLAD-2026-00108,West Bengal,Kolkata,Kolkata Constituency 5,Priya Singh,Improvement of Village Road,Roads,4486000.0,3718440.71,2249797.71,Completed,2023-03-27,2023-06-19,2023-12-17,Zilla Parishad,Metro Civil Contractors,22.430729,88.705436,4787.0,NORMAL
MPLAD-2026-00494,Karnataka,Bengaluru Urban,Bengaluru Urban Constituency 6,Rajesh Sharma,Healthcare Facility Improvement,Healthcare,1313000.0,1039992.83,732538.59,Completed,2022-07-13,2022-10-08,2023-05-25,State Public Works Department,Vardhan Construction,13.648129,77.989413,8718.0,NORMAL
MPLAD-2026-00591,Rajasthan,Kota,Kota Constituency 7,Ramesh Naidu,Community Infrastructure Development,Community Infrastructure,2703000.0,2460438.67,1830946.51,Completed,2023-04-18,2023-05-07,2023-08-06,Municipal Corporation,Vardhan Construction,26.993352,76.413701,3282.0,NORMAL
MPLAD-2026-00742,Tamil Nadu,Salem,Salem Constituency 6,Vijay Kumar,Canal Improvement Works,Irrigation,4107000.0,3530868.05,2693117.88,Delayed,2021-05-26,2021-08-21,2022-12-15,Rural Development Department,Saksham Projects,13.859834,80.090864,-113.0,MAJOR_DELAY
MPLAD-2026-00293,Rajasthan,Udaipur,Udaipur Constituency 6,Arun Rao,Construction of Public Facility,Public Facilities,2758000.0,2164318.65,1153155.28,Completed,2021-06-07,2021-08-26,2022-04-07,Municipal Corporation,National Projects Ltd,26.99424,75.898999,2678.0,NORMAL
MPLAD-2026-00290,Andhra Pradesh,Krishna,Krishna Constituency 3,Sunita Das,Development of Community Sports Facility,Sports Infrastructure,2508000.0,1993324.03,1842540.86,Delayed,2024-09-12,2024-10-15,2025-04-16,Zilla Parishad,Shree Infrastructure Pvt Ltd,15.834636,81.114689,12575.0,NORMAL
MPLAD-2026-00653,Telangana,Karimnagar,Karimnagar Constituency 7,Amit Kumar,Installation of Drinking Water Supply System,Drinking Water,3936000.0,3586170.4,1692206.3,Completed,2022-05-24,2022-06-18,2022-10-24,State Public Works Department,Greenfield Contractors,17.626429,78.082389,13082.0,NORMAL
MPLAD-2026-00040,Andhra Pradesh,Krishna,Krishna Constituency 4,Rohit Mehta,Construction of Approach Road,Roads,1186000.0,926924.52,727384.94,Completed,2024-03-01,2024-04-12,2024-10-08,Urban Local Body,Metro Civil Contractors,16.541292,79.705594,2849.0,NORMAL
MPLAD-2026-00590,West Bengal,Darjeeling,Darjeeling Constituency 8,Anil Verma,Village Electrification Works,Electricity,824000.0,646151.21,442374.01,Completed,2021-11-13,2021-12-22,2022-02-21,Urban Local Body,Saksham Projects,22.127734,87.867285,8151.0,NORMAL
MPLAD-2026-00308,Gujarat,Ahmedabad,Ahmedabad Constituency 2,Deepak Gupta,Waste Management Facility,Sanitation,4762000.0,4527402.74,4203035.5,Completed,2024-01-07,2024-04-04,2024-08-06,State Water Resources Department,Krishna Builders,24.123088,72.62955,-115.0,INVALID_NUMERICAL_DATA
MPLAD-2026-00680,Rajasthan,Jaipur,Jaipur Constituency 5,Rohit Mehta,Public Infrastructure Improvement,Public Facilities,2862000.0,2625630.57,1522140.04,Completed,2021-04-21,2021-05-17,2021-11-02,Rural Development Department,Metro Civil Contractors,26.24689,75.869812,2795.0,NORMAL
MPLAD-2026-00067,Odisha,Puri,Puri Constituency 7,Ramesh Naidu,Drainage Improvement Works,Sanitation,4304000.0,3442357.49,2211186.71,Delayed,2023-09-17,2023-10-15,2025-08-16,Rural Development Department,Unity Infrastructure,19.818063,86.037617,11556.0,MAJOR_DELAY
MPLAD-2026-00276,Tamil Nadu,Madurai,Madurai Constituency 6,Vijay Kumar,Village Sanitation Infrastructure,Sanitation,4776000.0,4320227.04,2969847.6,Completed,2024-02-24,2024-03-11,2024-06-08,Zilla Parishad,Prime Development Works,13.121665,80.200645,14919.0,NORMAL
MPLAD-2026-00068,Maharashtra,Pune,Pune Constituency 7,Anil Verma,Construction of Approach Road,Roads,17030380.7,14111649.22,11353075.11,Completed,2024-05-26,2024-08-12,2024-12-23,Urban Local Body,Apex Civil Works,18.662259,,3688.0,EXTREME_COST
MPLAD-2026-00319,Maharashtra,Nashik,Nashik Constituency 6,Manoj Yadav,Sports Infrastructure Improvement,Sports Infrastructure,3986000.0,3434865.86,1680349.3,Completed,2024-06-10,2024-07-31,2025-01-25,Municipal Corporation,National Projects Ltd,19.446427,72.910693,10595.0,NORMAL
MPLAD-2026-00549,Karnataka,Bengaluru Urban,Bengaluru Urban Constituency 8,Amit Kumar,Drainage Improvement Works,Sanitation,796000.0,731835.33,905807.34,Completed,2022-08-27,2022-10-29,2023-04-09,District Administration,Metro Civil Contractors,13.006986,76.69541,3919.0,EXPENDITURE_OVER_SANCTION
MPLAD-2026-DUP-0002,Andhra Pradesh,Krishna,Krishna Constituency 5,Ramesh Naidu,Drainage Improvement Works - Phase II,Sanitation,843309.56,692934.68,420044.87,Completed,2025-06-09,2025-09-07,2026-04-24,District Administration,Unity Infrastructure,16.345778,80.238975,1980.0,SIMILAR_DUPLICATE
MPLAD-2026-00715,Tamil Nadu,Salem,Salem Constituency 7,Meena Patel,Construction of Overhead Water Tank,Drinking Water,3803000.0,3688460.93,2154553.5,Delayed,2022-02-26,2022-04-03,INVALID_DATE,Rural Development Department,Sunrise Engineering,12.983136,80.146134,12123.0,MAJOR_DELAY
MPLAD-2026-00754,Andhra Pradesh,Krishna,Krishna Constituency 4,Meena Patel,Renovation of Government School,Education,2896000.0,2650131.38,1234041.76,Delayed,2025-04-12,2025-06-10,2025-08-15,Urban Local Body,Metro Civil Contractors,16.813374,81.029887,13668.0,NORMAL
MPLAD-2026-00328,Odisha,Ganjam,Ganjam Constituency 4,Vijay Kumar,Improvement of Village Road,Roads,723000.0,638945.96,346927.72,Completed,2021-07-29,2021-09-18,2022-01-24,State Public Works Department,Prime Development Works,21.454112,85.851148,3914.0,NORMAL
MPLAD-2026-00383,Gujarat,Ahmedabad,Ahmedabad Constituency 1,Anil Verma,Construction of Approach Road,Roads,4423000.0,3685785.14,3297277.36,Completed,2021-07-31,2021-10-20,2022-06-05,Rural Development Department,Unity Infrastructure,23.539673,72.254971,10566.0,CONTRACTOR_CONCENTRATION
MPLAD-2026-00452,Gujarat,Ahmedabad,Ahmedabad Constituency 7,Arun Rao,Installation of Drinking Water Supply System,Drinking Water,4185000.0,4104867.45,2831369.74,Completed,2022-10-01,2022-12-01,2023-03-06,Urban Local Body,Dakshin Projects,23.035435,73.146703,2921.0,NORMAL
MPLAD-2026-00523,Maharashtra,Nashik,Nashik Constituency 3,Ramesh Naidu,Electricity Infrastructure Improvement,Electricity,974000.0,856256.02,467753.51,Completed,2025-05-14,2025-07-14,2026-01-06,District Administration,Reliable Infra Solutions,18.998318,73.275347,13673.0,NORMAL
MPLAD-2026-00219,Maharashtra,Nagpur,Nagpur Constituency 8,Amit Kumar,Installation of Drinking Water Supply System,Drinking Water,1547000.0,1244874.36,887874.59,Completed,2021-01-02,2021-02-28,2021-10-03,Urban Local Body,National Projects Ltd,19.808877,72.256654,11846.0,NORMAL
MPLAD-2026-00788,Odisha,Ganjam,Ganjam Constituency 4,Rohit Mehta,Village Irrigation Infrastructure,Irrigation,4031000.0,3451697.64,2836403.81,Completed,2022-09-11,2022-10-31,2023-04-26,State Water Resources Department,Sunrise Engineering,20.505993,85.808461,6269.0,NORMAL
MPLAD-2026-00437,Gujarat,Vadodara,Vadodara Constituency 7,Kavita Joshi,Construction of Public Utility Building,Community Infrastructure,2688000.0,2463454.79,1761574.92,Completed,2024-01-29,2024-04-09,2024-10-03,Rural Development Department,National Projects Ltd,22.401806,72.242481,2913.0,NORMAL
MPLAD-2026-00765,Maharashtra,Nagpur,Nagpur Constituency 5,Naveen Singh,Healthcare Facility Improvement,Healthcare,1594000.0,1501405.9,947360.82,Completed,2023-07-23,2023-09-16,2023-12-14,District Administration,Prime Development Works,18.856018,72.373872,6029.0,NORMAL
MPLAD-2026-00089,Uttar Pradesh,Varanasi,Varanasi Constituency 7,Ramesh Naidu,Solar Lighting Installation,Electricity,1018000.0,768807.99,470805.78,Delayed,2025-06-30,2025-09-11,2026-05-05,District Administration,Bharat Construction Co,26.852551,81.60029,13936.0,NORMAL
MPLAD-2026-00064,Gujarat,Ahmedabad,Ahmedabad Constituency 2,Priya Singh,Village Sanitation Infrastructure,Sanitation,3860000.0,3313782.47,1654311.66,Completed,2024-07-21,2024-08-17,2025-02-06,State Public Works Department,Sunrise Engineering,22.576759,72.316566,853.0,NORMAL
MPLAD-2026-00827,Rajasthan,Udaipur,Udaipur Constituency 5,Sunita Das,Construction of Approach Road,Roads,1703000.0,1402096.8,923322.97,Completed,2023-07-04,2023-08-29,2024-01-12,District Rural Development Agency,Vardhan Construction,26.999873,75.628375,5953.0,NORMAL
MPLAD-2026-00717,West Bengal,Howrah,Howrah Constituency 1,Manoj Yadav,Public Infrastructure Improvement,Public Facilities,2003000.0,1591140.66,925910.36,Completed,2021-06-07,2021-07-13,2022-03-03,Urban Local Body,Shree Infrastructure Pvt Ltd,22.959813,88.101515,7863.0,NORMAL
MPLAD-2026-00352,Odisha,Khordha,Khordha Constituency 5,Suresh Reddy,Community Infrastructure Development,Community Infrastructure,3304000.0,2841822.79,2592045.33,Completed,2022-04-24,2022-06-03,2023-01-24,District Rural Development Agency,Metro Civil Contractors,19.979145,85.190692,1941.0,NORMAL
MPLAD-2026-00937,Telangana,Hyderabad,Hyderabad Constituency 2,Amit Kumar,Construction of CC Road,Roads,1992000.0,1538793.59,1409198.43,Delayed,2023-01-01,2023-02-10,2023-05-19,District Rural Development Agency,Sunrise Engineering,17.246385,78.837547,,DATA_QUALITY
MPLAD-2026-00257,Karnataka,Mysuru,Mysuru Constituency 6,Vijay Kumar,Construction of Citizen Service Centre,Public Facilities,4453000.0,3443228.05,2952506.57,Completed,2022-01-10,2022-02-08,2022-07-20,Rural Development Department,Prime Development Works,12.864073,77.186196,13792.0,NORMAL
MPLAD-2026-00636,Telangana,Hyderabad,Hyderabad Constituency 1,Suresh Reddy,Construction of School Laboratory,Education,2750000.0,2590077.15,1471817.73,Delayed,2024-10-21,2024-12-18,2025-06-05,State Public Works Department,Reliable Infra Solutions,17.87609,78.760812,7216.0,NORMAL
MPLAD-2026-00645,Andhra Pradesh,Guntur,Guntur Constituency 4,Ramesh Naidu,Village Electrification Works,Electricity,3581000.0,3464846.43,3242296.6,Completed,2021-12-05,2022-02-14,2022-08-23,District Administration,Metro Civil Contractors,16.003485,79.631199,6667.0,NORMAL
MPLAD-2026-00555,Odisha,Cuttack,Cuttack Constituency 4,Arun Rao,Community Infrastructure Development,Community Infrastructure,1424000.0,1133591.05,1071174.42,Completed,2023-01-14,2023-01-30,2023-04-18,District Rural Development Agency,Saksham Projects,20.015404,86.685814,2433.0,NORMAL
MPLAD-2026-00960,Odisha,Ganjam,Ganjam Constituency 1,Vijay Kumar,Construction of Sports Ground,Sports Infrastructure,2229000.0,1754421.08,1071648.58,Completed,2023-12-20,2024-03-06,2024-08-31,Rural Development Department,Dakshin Projects,20.220435,85.612059,1196.0,NORMAL
MPLAD-2026-00169,West Bengal,Howrah,Howrah Constituency 8,Rajesh Sharma,Construction of School Laboratory,Education,530000.0,449929.19,391801.35,Completed,2023-02-18,2023-04-16,2023-10-05,Municipal Corporation,Eastern Infrastructure,22.201126,88.219276,5022.0,NORMAL
MPLAD-2026-00918,Odisha,Cuttack,Cuttack Constituency 6,Ramesh Naidu,Construction of Approach Road,Roads,626000.0,620799.22,398832.89,Completed,2022-12-22,2023-03-15,2023-05-27,District Administration,Greenfield Contractors,20.020503,85.987177,12200.0,NORMAL
MPLAD-2026-00529,Karnataka,Dharwad,Dharwad Constituency 8,Manoj Yadav,Renovation of Public Building,Public Facilities,4399000.0,3656906.61,3108026.18,Completed,2024-09-22,2024-11-28,2025-05-06,Urban Local Body,Krishna Builders,12.960101,78.122328,8963.0,NORMAL
MPLAD-2026-00824,West Bengal,Kolkata,Kolkata Constituency 8,Manoj Yadav,Village Electrification Works,Electricity,3971000.0,3279008.09,1899609.8,Completed,2024-07-22,2024-08-20,2025-03-22,State Water Resources Department,Dakshin Projects,22.488385,88.807478,8325.0,NORMAL
MPLAD-2026-DUP-0015,Odisha,Puri,Puri Constituency 4,Rohit Mehta,Public Infrastructure Improvement - Phase II,Public Facilities,2304448.31,2126102.13,1978880.24,Completed,2022-07-28,2022-09-16,2023-01-18,District Administration,Unity Infrastructure,19.618976,86.166525,11027.0,SIMILAR_DUPLICATE
MPLAD-2026-00817,Gujarat,Surat,Surat Constituency 5,Naveen Singh,Canal Improvement Works,Irrigation,4782000.0,4265529.98,2217114.15,Delayed,2024-09-20,2024-11-16,2025-01-28,Municipal Corporation,Sunrise Engineering,22.732903,73.034882,13231.0,NORMAL
MPLAD-2026-00087,Odisha,Ganjam,Ganjam Constituency 5,Amit Kumar,Construction of Community Health Facility,Healthcare,23845806.31,20510465.65,20395069.18,Completed,2022-03-09,2022-04-10,2022-08-13,State Public Works Department,Bharat Construction Co,20.261404,85.978018,8249.0,EXTREME_COST
MPLAD-2026-00433,Uttar Pradesh,Kanpur Nagar,Kanpur Nagar Constituency 2,Deepak Gupta,Renovation of Health Sub Centre,Healthcare,4916000.0,3980279.59,2017121.47,Completed,2023-09-07,2023-12-05,2024-07-31,Zilla Parishad,Reliable Infra Solutions,26.570945,80.771734,5350.0,NORMAL
MPLAD-2026-00185,Odisha,Cuttack,Cuttack Constituency 4,Rohit Mehta,Construction of Primary Health Centre,Healthcare,3065000.0,2706610.16,2025705.11,Completed,2021-12-11,2022-02-05,2022-10-03,Rural Development Department,Vardhan Construction,20.340054,85.476646,14157.0,NORMAL
MPLAD-2026-DUP-0022,Andhra Pradesh,Nellore,Nellore Constituency 7,Rajesh Sharma,Village Community Centre - Phase II,Community Infrastructure,9976077.64,7770269.45,8181262.5,Completed,2021-09-05,2021-09-26,2022-01-15,Zilla Parishad,Vardhan Construction,15.917393,81.122372,8176.0,SIMILAR_DUPLICATE
MPLAD-2026-00535,Gujarat,Rajkot,Rajkot Constituency 2,Anil Verma,Construction of Internal Roads,Roads,2592000.0,2207785.55,1527976.93,Completed,2023-04-15,2023-05-29,2023-08-01,District Rural Development Agency,Vardhan Construction,22.812034,72.727327,4135.0,NORMAL
MPLAD-2026-00295,Gujarat,Ahmedabad,Ahmedabad Constituency 3,Amit Kumar,Construction of School Laboratory,Education,19913501.11,17137173.5,13961676.67,Completed,2024-02-29,2024-03-17,2024-11-01,Zilla Parishad,Bharat Construction Co,23.396151,72.186162,7459.0,EXTREME_COST
MPLAD-2026-00893,Maharashtra,Nashik,Nashik Constituency 2,Amit Kumar,Rural Drinking Water Facility,Drinking Water,7461511.04,6483208.18,5274994.0,Delayed,2024-09-25,2024-11-13,2025-02-07,State Water Resources Department,Eastern Infrastructure,19.113098,72.221802,9286.0,EXTREME_COST
MPLAD-2026-00426,West Bengal,Howrah,Howrah Constituency 6,Anil Verma,Healthcare Facility Improvement,Healthcare,1072000.0,989512.42,474793.65,Completed,2021-10-07,2021-11-05,2022-05-03,Urban Local Body,Unity Infrastructure,22.292187,88.113935,3702.0,CONTRACTOR_CONCENTRATION
MPLAD-2026-00714,Odisha,Ganjam,Ganjam Constituency 7,Rajesh Sharma,Improvement of Village Road,Roads,4815000.0,3875569.14,1846975.67,Completed,2021-03-15,2021-06-11,2021-10-17,District Rural Development Agency,Saksham Projects,21.221393,85.328056,4613.0,NORMAL
MPLAD-2026-00261,Karnataka,Dharwad,Dharwad Constituency 8,Rohit Mehta,Construction of Additional Classrooms,Education,3881000.0,3221844.96,1982876.17,Completed,2022-07-24,2022-08-14,2023-02-19,District Administration,Greenfield Contractors,12.220368,77.839112,6707.0,NORMAL
MPLAD-2026-00238,Tamil Nadu,Madurai,Madurai Constituency 6,Rohit Mehta,Public Infrastructure Improvement,Public Facilities,3359000.0,2623272.23,1220560.29,Completed,2023-02-02,2023-04-20,2023-11-18,State Water Resources Department,Eastern Infrastructure,13.822935,80.158634,9715.0,NORMAL
MPLAD-2026-00560,Karnataka,Dharwad,Dharwad Constituency 4,Ramesh Naidu,Rural Drinking Water Facility,Drinking Water,4059000.0,3668206.02,1957783.07,Completed,2023-03-06,2023-05-25,2023-10-27,Municipal Corporation,Prime Development Works,13.062095,78.067394,5372.0,NORMAL
MPLAD-2026-00584,Andhra Pradesh,Guntur,Guntur Constituency 5,Priya Singh,Electricity Infrastructure Improvement,Electricity,3289000.0,2516021.7,1603364.55,Completed,2022-08-31,2022-10-10,2023-01-16,State Public Works Department,Greenfield Contractors,17.122923,80.853759,4000.0,NORMAL
MPLAD-2026-00446,Gujarat,Rajkot,Rajkot Constituency 3,Priya Singh,Renovation of Government School,Education,1803000.0,1573381.47,78992.87,Ongoing,2022-09-11,2022-12-09,2023-04-25,State Water Resources Department,Unity Infrastructure,23.391717,72.799673,3778.0,UNDER_UTILIZATION
MPLAD-2026-00868,Gujarat,Rajkot,Rajkot Constituency 1,Meena Patel,Village Irrigation Infrastructure,Irrigation,529000.0,506282.44,733356.51,Completed,2022-04-07,2022-06-02,2022-11-18,Zilla Parishad,Unity Infrastructure,23.382474,71.84406,9674.0,EXPENDITURE_OVER_SANCTION
MPLAD-2026-00801,Telangana,Warangal,Warangal Constituency 7,Meena Patel,Village Electrification Works,Electricity,2097000.0,2012411.96,1224524.43,Delayed,2021-06-10,2021-07-22,2021-11-01,Rural Development Department,Eastern Infrastructure,17.302697,79.105394,11754.0,NORMAL
MPLAD-2026-00600,Uttar Pradesh,Lucknow,Lucknow Constituency 1,Arun Rao,Electricity Infrastructure Improvement,Electricity,616000.0,480925.76,344013.25,Completed,2024-12-03,2025-01-18,2025-06-21,State Water Resources Department,Greenfield Contractors,17.386271,78.484221,8536.0,GEOGRAPHIC_CLUSTER
MPLAD-2026-00850,Gujarat,Surat,Surat Constituency 4,Vijay Kumar,Road Widening and Improvement,Roads,3319000.0,3279195.46,2307596.9,Completed,2022-07-10,2022-10-03,2023-04-17,District Rural Development Agency,Saksham Projects,23.253759,72.652212,13173.0,NORMAL
MPLAD-2026-00266,Rajasthan,Jaipur,Jaipur Constituency 2,Sunita Das,Public Infrastructure Improvement,Public Facilities,3463000.0,3425071.77,1771851.3,Completed,2023-10-19,2023-11-03,2024-05-16,District Administration,Saksham Projects,27.199767,75.039616,13843.0,NORMAL
MPLAD-2026-DUP-0005,Tamil Nadu,Madurai,Madurai Constituency 1,Suresh Reddy,Construction of Sports Ground - Phase II,Sports Infrastructure,1796554.84,1606303.17,734898.59,Delayed,2021-10-14,2022-01-08,2022-05-19,Urban Local Body,Apex Civil Works,13.53102,80.04851,14582.0,SIMILAR_DUPLICATE
MPLAD-2026-00530,Andhra Pradesh,Visakhapatnam,Visakhapatnam Constituency 5,Manoj Yadav,Construction of Overhead Water Tank,Drinking Water,3682000.0,3288021.21,2788503.02,Completed,2024-12-19,2025-02-11,2025-09-02,District Rural Development Agency,Greenfield Contractors,17.384471,78.482692,3252.0,GEOGRAPHIC_CLUSTER
MPLAD-2026-00056,Telangana,Warangal,Warangal Constituency 6,Meena Patel,Construction of Citizen Service Centre,Public Facilities,3482000.0,2960093.69,4027609.59,Completed,2021-03-17,2021-05-29,2021-08-19,District Rural Development Agency,Unity Infrastructure,16.521553,78.474769,12757.0,EXPENDITURE_OVER_SANCTION
MPLAD-2026-00121,Maharashtra,Aurangabad,Aurangabad Constituency 4,Sunita Das,Solar Lighting Installation,Electricity,2541000.0,2343191.77,1239642.7,Completed,2023-05-02,2023-07-17,2024-01-11,Municipal Corporation,Vardhan Construction,18.719366,72.826069,5221.0,NORMAL
MPLAD-2026-00216,Uttar Pradesh,Varanasi,Varanasi Constituency 8,Vijay Kumar,Village Irrigation Infrastructure,Irrigation,2248000.0,,1089101.55,Completed,2022-03-25,2022-04-12,2022-08-21,Urban Local Body,Prime Development Works,26.314234,80.028546,12663.0,DATA_QUALITY
MPLAD-2026-00026,West Bengal,Howrah,Howrah Constituency 4,Rohit Mehta,Construction of Citizen Service Centre,Public Facilities,1873000.0,1777170.53,1001964.73,Completed,2021-02-18,2021-03-29,2021-09-07,District Rural Development Agency,Unity Infrastructure,22.718438,88.190613,12770.0,CONTRACTOR_CONCENTRATION
MPLAD-2026-00073,Maharashtra,Aurangabad,Aurangabad Constituency 2,Rajesh Sharma,Renovation of Health Sub Centre,Healthcare,2249000.0,1895351.22,1752613.05,Completed,2024-11-27,2025-02-19,2025-08-05,Municipal Corporation,Reliable Infra Solutions,19.192947,73.22952,14606.0,NORMAL
MPLAD-2026-00045,Odisha,Puri,Puri Constituency 1,Deepak Gupta,Construction of Primary Health Centre,Healthcare,1586000.0,1350648.75,982715.97,Completed,2022-05-08,2022-07-22,2023-03-04,State Public Works Department,Prime Development Works,20.057708,86.05547,1624.0,NORMAL
MPLAD-2026-00248,Karnataka,Dharwad,Dharwad Constituency 2,Suresh Reddy,Water Conservation Structure,Irrigation,13385238.67,11831706.7,646194.01,Ongoing,2023-02-25,2023-03-12,2023-05-20,Urban Local Body,Reliable Infra Solutions,13.657006,77.83711,330.0,UNDER_UTILIZATION
MPLAD-2026-00722,Uttar Pradesh,Varanasi,Varanasi Constituency 7,Anil Verma,Village Sanitation Infrastructure,Sanitation,2587790.28,2158472.35,1853958.43,Completed,2024-06-08,2024-07-08,2024-12-25,Urban Local Body,Vardhan Construction,26.92816,80.362626,4825.0,EXTREME_COST
MPLAD-2026-00282,Andhra Pradesh,Visakhapatnam,Visakhapatnam Constituency 3,Deepak Gupta,Renovation of Health Sub Centre,Healthcare,3860000.0,3663883.47,3204922.41,Completed,2022-08-28,2022-09-30,2023-02-13,Urban Local Body,Dakshin Projects,16.892006,80.453289,282.0,NORMAL
MPLAD-2026-00894,Odisha,Ganjam,Ganjam Constituency 7,Amit Kumar,Construction of Minor Irrigation Facility,Irrigation,3157000.0,2994098.77,2775636.57,Delayed,2024-03-24,2024-04-20,2024-07-19,Urban Local Body,Unity Infrastructure,20.156956,85.48603,9604.0,CONTRACTOR_CONCENTRATION
MPLAD-2026-00915,Tamil Nadu,Madurai,Madurai Constituency 3,Priya Singh,Renovation of Public Building,Public Facilities,4073000.0,3097099.41,1484477.2,Completed,2023-09-11,2023-12-10,2024-03-04,Urban Local Body,Bharat Construction Co,13.038335,80.279182,8739.0,NORMAL
MPLAD-2026-00811,Tamil Nadu,Coimbatore,Coimbatore Constituency 5,Anil Verma,Construction of Citizen Service Centre,Public Facilities,916000.0,768330.06,485436.0,Completed,2025-05-01,2025-07-21,2026-01-12,Municipal Corporation,Greenfield Contractors,13.133672,79.623475,701.0,NORMAL
MPLAD-2026-00245,Uttar Pradesh,Lucknow,Lucknow Constituency 4,Vijay Kumar,Healthcare Facility Improvement,Healthcare,2392000.0,2324332.44,91306.37,Ongoing,2024-04-14,2024-06-05,2024-11-30,State Public Works Department,Prime Development Works,27.605914,81.342938,14294.0,UNDER_UTILIZATION
MPLAD-2026-00823,Karnataka,Mysuru,Mysuru Constituency 7,Manoj Yadav,Construction of Sports Ground,Sports Infrastructure,2592000.0,1997551.03,1584123.51,Completed,2021-07-27,2021-10-01,2021-12-03,District Administration,National Projects Ltd,12.493523,77.787338,11344.0,NORMAL
MPLAD-2026-00322,West Bengal,Kolkata,Kolkata Constituency 1,Sunita Das,Installation of Street Lighting,Electricity,968000.0,875580.73,430921.99,Completed,2023-03-10,2023-05-03,2023-08-29,State Water Resources Department,Sunrise Engineering,22.455784,87.687486,10364.0,NORMAL
MPLAD-2026-00644,Gujarat,Vadodara,Vadodara Constituency 6,Arun Rao,Rural Drinking Water Facility,Drinking Water,805000.0,688074.59,630046.62,Completed,2023-10-29,2023-11-15,2024-02-25,Municipal Corporation,Reliable Infra Solutions,22.196208,72.799996,4845.0,NORMAL
MPLAD-2026-00159,Andhra Pradesh,Nellore,Nellore Constituency 5,Amit Kumar,Sports Infrastructure Improvement,Sports Infrastructure,4128000.0,4034886.11,2031598.3,Completed,2021-07-17,2021-10-07,2022-01-13,Rural Development Department,Vardhan Construction,16.806879,80.46038,13456.0,NORMAL
MPLAD-2026-DUP-0023,Tamil Nadu,Madurai,Madurai Constituency 3,Manoj Yadav,Installation of Drinking Water Supply System - Phase II,Drinking Water,1889948.35,1675349.3,1132231.23,Delayed,2025-02-08,2025-03-11,2025-06-02,District Administration,Unity Infrastructure,12.730236,80.125772,2977.0,SIMILAR_DUPLICATE
MPLAD-2026-00430,Karnataka,Belagavi,Belagavi Constituency 5,Priya Singh,Installation of Drinking Water Supply System,Drinking Water,2659000.0,2196890.13,1761141.9,Delayed,2024-03-14,2024-06-11,INVALID_DATE,Municipal Corporation,Prime Development Works,12.7231,77.879419,14422.0,INVALID_DATE
MPLAD-2026-00942,Odisha,Ganjam,Ganjam Constituency 1,Kavita Joshi,Water Conservation Structure,Irrigation,4963000.0,4175391.73,2406519.96,Delayed,2023-11-18,2024-01-07,2024-07-18,State Water Resources Department,Shree Infrastructure Pvt Ltd,19.740643,85.557891,5319.0,NORMAL
MPLAD-2026-00463,Andhra Pradesh,Krishna,Krishna Constituency 7,Kavita Joshi,Village Community Centre,Community Infrastructure,1862000.0,1686614.78,1400034.85,Completed,2024-09-15,2024-12-05,2025-06-09,Rural Development Department,Apex Civil Works,17.037771,79.914566,10947.0,NORMAL
MPLAD-2026-00310,Uttar Pradesh,Lucknow,Lucknow Constituency 5,Priya Singh,Construction of Community Toilet,Sanitation,2295000.0,2150867.19,1335680.87,Completed,2024-02-10,2024-03-18,2024-09-15,Rural Development Department,Unity Infrastructure,27.063154,81.046948,3094.0,CONTRACTOR_CONCENTRATION
MPLAD-2026-00698,Telangana,Nalgonda,Nalgonda Constituency 3,Sunita Das,Construction of Community Health Facility,Healthcare,2451000.0,2111633.15,1579849.79,Completed,2022-07-11,2022-09-04,2023-04-11,District Administration,Krishna Builders,17.220605,78.569806,3372.0,NORMAL
MPLAD-2026-00061,West Bengal,Darjeeling,Darjeeling Constituency 6,Deepak Gupta,Sports Infrastructure Improvement,Sports Infrastructure,2549000.0,2116802.62,1152231.1,Completed,2024-11-29,2025-01-13,2025-08-07,District Administration,Eastern Infrastructure,22.928564,87.954676,815.0,NORMAL
MPLAD-2026-00885,Uttar Pradesh,Agra,Agra Constituency 8,Meena Patel,Construction of Sports Ground,Sports Infrastructure,4848000.0,4813675.88,2605672.54,Completed,2023-11-13,2023-12-22,2024-03-27,State Public Works Department,Apex Civil Works,26.902142,81.194368,3355.0,NORMAL
MPLAD-2026-00596,Rajasthan,Udaipur,Udaipur Constituency 7,Suresh Reddy,Construction of School Laboratory,Education,1339000.0,1049217.66,727355.07,Completed,2023-10-27,2023-11-25,2024-05-18,Municipal Corporation,Apex Civil Works,26.959819,75.186989,3392.0,NORMAL
MPLAD-2026-00768,Karnataka,Dharwad,Dharwad Constituency 1,Suresh Reddy,Rural Drinking Water Facility,Drinking Water,1685000.0,1497366.31,1370183.88,Delayed,2025-03-02,2025-03-29,2025-06-29,District Administration,Unity Infrastructure,12.761884,76.876984,492.0,CONTRACTOR_CONCENTRATION
MPLAD-2026-00650,Maharashtra,Nagpur,Nagpur Constituency 8,Priya Singh,Construction of Public Utility Building,Community Infrastructure,1418000.0,1286764.33,1131208.25,Completed,2023-03-21,2023-04-24,2023-10-15,District Administration,Reliable Infra Solutions,19.196327,73.022464,6139.0,NORMAL
MPLAD-2026-00651,Karnataka,Dharwad,Dharwad Constituency 2,Arun Rao,Renovation of Government School,Education,3969895.87,3749440.15,2770835.01,Completed,2023-10-02,2023-11-09,2024-06-21,Municipal Corporation,Sunrise Engineering,17.386232,78.489108,14603.0,EXTREME_COST
MPLAD-2026-00866,Odisha,Ganjam,Ganjam Constituency 1,Deepak Gupta,Community Infrastructure Development,Community Infrastructure,1772000.0,1476852.39,177345.31,Ongoing,2021-06-04,2021-08-30,2021-11-21,District Rural Development Agency,Metro Civil Contractors,20.19554,85.667307,8812.0,UNDER_UTILIZATION
MPLAD-2026-00669,Maharashtra,Pune,Pune Constituency 1,Kavita Joshi,Construction of Public Facility,Public Facilities,716000.0,553684.76,334593.05,Completed,2023-01-01,2023-02-21,2023-08-01,District Administration,Unity Infrastructure,18.799969,72.741589,11989.0,NORMAL
MPLAD-2026-00299,Gujarat,Rajkot,Rajkot Constituency 4,Sunita Das,Public Infrastructure Improvement,Public Facilities,2077000.0,1975549.47,1785757.32,Completed,2024-11-27,2025-02-23,2025-05-19,State Water Resources Department,Sunrise Engineering,22.901056,72.130956,12647.0,NORMAL
MPLAD-2026-00690,Rajasthan,Jodhpur,Jodhpur Constituency 7,Naveen Singh,Village Community Centre,Community Infrastructure,2468000.0,1912439.58,1626694.31,Completed,2023-10-30,2023-11-29,2024-07-07,Rural Development Department,Krishna Builders,26.639873,76.609004,13818.0,NORMAL
MPLAD-2026-00315,Karnataka,Dharwad,Dharwad Constituency 7,Priya Singh,Solar Lighting Installation,Electricity,2143000.0,1821867.48,1230424.61,Completed,2024-03-16,2024-04-16,2024-11-09,District Rural Development Agency,Eastern Infrastructure,12.996676,78.086986,11909.0,NORMAL
MPLAD-2026-00311,Tamil Nadu,Salem,Salem Constituency 4,Priya Singh,Healthcare Facility Improvement,Healthcare,1431000.0,1145789.74,658654.62,Completed,2024-06-20,2024-08-19,,District Rural Development Agency,Bharat Construction Co,12.726986,80.482861,11172.0,DATA_QUALITY
MPLAD-2026-00362,Andhra Pradesh,Nellore,Nellore Constituency 2,Ramesh Naidu,Renovation of Public Building,Public Facilities,2760000.0,2487251.11,2004748.18,Completed,2023-02-05,2023-03-15,2023-08-21,Municipal Corporation,National Projects Ltd,15.893317,80.934469,3266.0,NORMAL
MPLAD-2026-00480,Odisha,Khordha,Khordha Constituency 1,Ramesh Naidu,Healthcare Facility Improvement,Healthcare,2987000.0,2471196.25,2296338.87,Delayed,2023-01-14,2023-02-13,2023-08-28,State Water Resources Department,Eastern Infrastructure,20.552495,86.025969,6464.0,NORMAL
MPLAD-2026-00111,West Bengal,Murshidabad,Murshidabad Constituency 3,Ramesh Naidu,Construction of Citizen Service Centre,Public Facilities,2512000.0,2340439.44,3327620.55,Completed,2024-06-13,2024-08-22,2024-12-30,State Public Works Department,Metro Civil Contractors,23.614196,87.523631,1329.0,EXPENDITURE_OVER_SANCTION
MPLAD-2026-DUP-0011,Uttar Pradesh,Lucknow,Lucknow Constituency 3,Deepak Gupta,Electricity Infrastructure Improvement - Phase II,Electricity,3776702.43,2906633.66,1273608.1,Completed,2021-02-16,2021-04-10,2021-10-05,District Administration,Saksham Projects,26.753045,80.72435,8815.0,SIMILAR_DUPLICATE
MPLAD-2026-00487,Maharashtra,Nashik,Nashik Constituency 8,Meena Patel,Renovation of Government School,Education,4354000.0,3918690.11,3713365.35,Completed,2022-08-03,2022-09-11,2023-02-25,Municipal Corporation,Metro Civil Contractors,19.45429,72.584019,571.0,NORMAL
MPLAD-2026-00364,Uttar Pradesh,Varanasi,Varanasi Constituency 4,Meena Patel,Installation of Street Lighting,Electricity,3236000.0,3093881.77,2506355.04,Completed,2023-03-19,2023-06-15,2024-01-13,State Public Works Department,Unity Infrastructure,26.854995,81.102612,8630.0,CONTRACTOR_CONCENTRATION
MPLAD-2026-00255,Andhra Pradesh,Guntur,Guntur Constituency 2,Naveen Singh,Rural Drinking Water Facility,Drinking Water,1171000.0,904621.7,638529.65,Delayed,2025-01-21,2025-02-17,2026-11-02,Rural Development Department,Prime Development Works,16.521835,80.226072,4427.0,MAJOR_DELAY
MPLAD-2026-00260,Gujarat,Surat,Surat Constituency 6,Deepak Gupta,Construction of Sports Ground,Sports Infrastructure,2448000.0,2280711.0,1575891.11,Completed,2024-09-21,2024-11-24,2025-03-02,State Public Works Department,Saksham Projects,23.0672,72.909524,290.0,NORMAL
MPLAD-2026-00803,Odisha,Cuttack,Cuttack Constituency 7,Vijay Kumar,Construction of Additional Classrooms,Education,1381000.0,1160382.27,1562265.2,Completed,2024-04-15,2024-06-08,2024-10-30,Rural Development Department,Unity Infrastructure,20.078865,85.395502,8337.0,EXPENDITURE_OVER_SANCTION
MPLAD-2026-00678,West Bengal,Kolkata,Kolkata Constituency 5,Arun Rao,Construction of Approach Road,Roads,1201000.0,1041857.76,802343.19,Delayed,2022-10-18,2023-01-13,2023-03-22,District Administration,Metro Civil Contractors,22.31317,87.197931,1122.0,NORMAL
MPLAD-2026-00495,Odisha,Cuttack,Cuttack Constituency 7,Naveen Singh,Construction of Overhead Water Tank,Drinking Water,3957000.0,3637381.75,3250669.32,Delayed,2021-02-23,2021-04-15,,District Administration,Bharat Construction Co,20.196666,85.836599,6220.0,DATA_QUALITY
MPLAD-2026-00671,Karnataka,Mysuru,Mysuru Constituency 8,Rajesh Sharma,Construction of Overhead Water Tank,Drinking Water,4480000.0,4264373.16,3313887.35,Completed,2025-04-24,2025-05-29,2025-12-03,Urban Local Body,Reliable Infra Solutions,13.043858,77.595971,7431.0,NORMAL
MPLAD-2026-00378,Karnataka,Mysuru,Mysuru Constituency 6,Rohit Mehta,Community Infrastructure Development,Community Infrastructure,4623000.0,4388676.75,3391683.98,Completed,2023-09-14,2023-10-18,2024-05-25,Urban Local Body,Eastern Infrastructure,12.544371,78.779172,7677.0,NORMAL
MPLAD-2026-00527,Uttar Pradesh,Agra,Agra Constituency 6,Anil Verma,Drainage Improvement Works,Sanitation,626000.0,491859.06,414094.3,Delayed,2023-05-14,2023-06-04,2023-10-20,Municipal Corporation,Apex Civil Works,17.38712,78.492219,13520.0,GEOGRAPHIC_CLUSTER
MPLAD-2026-00846,Gujarat,Vadodara,Vadodara Constituency 1,Priya Singh,Construction of Public Utility Building,Community Infrastructure,3712000.0,3068583.01,2479164.5,Completed,2024-03-08,2024-05-01,,Rural Development Department,Greenfield Contractors,23.286512,72.357693,2630.0,DATA_QUALITY
MPLAD-2026-00138,Uttar Pradesh,Agra,Agra Constituency 4,Suresh Reddy,Water Conservation Structure,Irrigation,4221000.0,3709499.92,1830151.84,Delayed,2024-10-02,2024-10-29,2025-02-13,Urban Local Body,Prime Development Works,26.405021,81.154147,4164.0,NORMAL
MPLAD-2026-00356,Uttar Pradesh,Varanasi,Varanasi Constituency 2,Suresh Reddy,Construction of Community Health Facility,Healthcare,3023000.0,2805698.59,1318331.0,Completed,2023-12-21,2024-02-13,2024-07-07,Municipal Corporation,Reliable Infra Solutions,17.383415,78.486084,401.0,GEOGRAPHIC_CLUSTER
MPLAD-2026-00366,West Bengal,Murshidabad,Murshidabad Constituency 5,Sunita Das,Drainage Improvement Works,Sanitation,1249000.0,1028682.56,935603.67,Completed,2024-11-14,2025-02-03,2025-05-10,State Water Resources Department,Greenfield Contractors,22.66073,87.923632,1581.0,NORMAL
MPLAD-2026-00943,Karnataka,Bengaluru Urban,Bengaluru Urban Constituency 4,Ramesh Naidu,Waste Management Facility,Sanitation,2520000.0,2162758.29,1016989.22,Completed,2025-03-16,2025-05-28,2026-01-11,State Public Works Department,Saksham Projects,12.959717,77.720673,2240.0,NORMAL
MPLAD-2026-00750,Karnataka,Dharwad,Dharwad Constituency 8,Manoj Yadav,Installation of Drinking Water Supply System,Drinking Water,844000.0,830996.1,459483.07,Completed,2024-12-15,2025-02-13,2025-06-09,Urban Local Body,Sunrise Engineering,17.385177,78.487095,12882.0,GEOGRAPHIC_CLUSTER
MPLAD-2026-00949,Karnataka,Dharwad,Dharwad Constituency 5,Ramesh Naidu,Construction of Minor Irrigation Facility,Irrigation,2491000.0,2184348.18,1069848.19,Delayed,2022-02-09,2022-03-29,2022-07-03,Zilla Parishad,Vardhan Construction,12.855142,78.313991,11568.0,NORMAL
MPLAD-2026-00830,Telangana,Karimnagar,Karimnagar Constituency 2,Sunita Das,Healthcare Facility Improvement,Healthcare,4977000.0,4498687.25,3237160.04,Completed,2025-06-14,2025-07-30,2026-03-24,State Water Resources Department,Unity Infrastructure,16.932056,78.999645,3625.0,NORMAL
MPLAD-2026-00657,Maharashtra,Nashik,Nashik Constituency 2,Kavita Joshi,Construction of Community Hall,Community Infrastructure,2122000.0,2082054.53,1025208.14,Completed,2021-03-30,2021-05-03,2021-08-16,Municipal Corporation,Unity Infrastructure,19.701593,73.128715,11231.0,NORMAL
MPLAD-2026-00200,Andhra Pradesh,Krishna,Krishna Constituency 1,Suresh Reddy,Construction of Citizen Service Centre,Public Facilities,2854000.0,2699161.3,2187353.78,Completed,2021-12-08,2022-02-08,2022-05-11,Rural Development Department,Eastern Infrastructure,16.448457,,12108.0,DATA_QUALITY
MPLAD-2026-00214,Rajasthan,Kota,Kota Constituency 1,Meena Patel,Electricity Infrastructure Improvement,Electricity,2093000.0,2045020.18,1201430.71,Completed,2023-07-03,2023-08-06,2023-10-13,Zilla Parishad,Vardhan Construction,26.478184,76.096023,10705.0,NORMAL
MPLAD-2026-00409,Andhra Pradesh,Visakhapatnam,Visakhapatnam Constituency 7,Vijay Kumar,Construction of Internal Roads,Roads,4800000.0,3917597.82,2625916.52,Completed,2023-10-05,2023-11-14,2024-06-17,State Water Resources Department,Unity Infrastructure,16.620173,81.000334,1876.0,CONTRACTOR_CONCENTRATION
MPLAD-2026-00333,Maharashtra,Pune,Pune Constituency 7,Sunita Das,Construction of Primary Health Centre,Healthcare,4860000.0,4351008.58,3460686.53,Completed,2024-11-10,2024-12-14,2025-05-18,Municipal Corporation,Apex Civil Works,18.755219,72.925594,8290.0,NORMAL
MPLAD-2026-00209,West Bengal,Darjeeling,Darjeeling Constituency 4,Rajesh Sharma,Renovation of Health Sub Centre,Healthcare,4010000.0,3593669.81,1896398.52,Completed,2021-12-03,2022-02-13,2022-08-11,Urban Local Body,Bharat Construction Co,23.270618,88.415954,12721.0,NORMAL
MPLAD-2026-00614,Maharashtra,Nagpur,Nagpur Constituency 7,Sunita Das,Rural Drinking Water Facility,Drinking Water,17711329.96,16070883.15,15064568.4,Completed,2024-08-30,2024-11-09,2025-04-12,District Rural Development Agency,Bharat Construction Co,19.095715,72.811549,2099.0,EXTREME_COST
MPLAD-2026-00079,Rajasthan,Kota,Kota Constituency 2,Arun Rao,Construction of Public Facility,Public Facilities,4547000.0,3776410.61,1979469.49,Completed,2021-09-16,2021-11-05,2022-06-12,Urban Local Body,Saksham Projects,27.751999,76.000525,6340.0,NORMAL
MPLAD-2026-00030,Odisha,Puri,Puri Constituency 7,Deepak Gupta,Construction of Internal Roads,Roads,1791000.0,1535732.42,1136430.3,Completed,2024-09-02,2024-10-28,2025-04-25,Zilla Parishad,Greenfield Contractors,20.445169,86.263495,8475.0,NORMAL
MPLAD-2026-00536,Gujarat,Surat,Surat Constituency 5,Kavita Joshi,Village Electrification Works,Electricity,878000.0,798057.88,440311.24,Delayed,2021-10-19,2021-12-20,2022-07-06,Zilla Parishad,Metro Civil Contractors,23.001386,72.786068,8906.0,NORMAL
MPLAD-2026-00696,Tamil Nadu,Chennai,Chennai Constituency 1,Deepak Gupta,Development of Community Sports Facility,Sports Infrastructure,1473000.0,1239120.98,1114324.38,Completed,2021-03-02,2021-04-27,2021-07-31,Municipal Corporation,Reliable Infra Solutions,13.289687,79.965728,4484.0,NORMAL
MPLAD-2026-00558,Uttar Pradesh,Agra,Agra Constituency 3,Deepak Gupta,Water Conservation Structure,Irrigation,4453000.0,3412531.52,1782078.98,Completed,2021-09-25,2021-11-03,2022-02-20,Urban Local Body,Reliable Infra Solutions,26.914389,81.110432,5309.0,NORMAL
MPLAD-2026-00837,Rajasthan,Udaipur,Udaipur Constituency 4,Meena Patel,Village Irrigation Infrastructure,Irrigation,1937000.0,1628617.34,818900.38,Completed,2024-11-07,2025-01-01,2025-07-08,Zilla Parishad,Krishna Builders,26.736109,75.372215,14174.0,NORMAL
MPLAD-2026-00597,Andhra Pradesh,Krishna,Krishna Constituency 4,Anil Verma,Village Electrification Works,Electricity,3321000.0,3009175.91,2660656.15,Completed,2021-12-07,2022-01-01,2022-05-16,Rural Development Department,Bharat Construction Co,16.229385,80.743902,1152.0,NORMAL
MPLAD-2026-00166,Telangana,Hyderabad,Hyderabad Constituency 1,Anil Verma,Construction of Citizen Service Centre,Public Facilities,3926000.0,3044840.13,1503081.12,Completed,2023-06-02,2023-08-13,2024-03-02,District Rural Development Agency,Krishna Builders,17.379489,78.082936,530.0,NORMAL
MPLAD-2026-00919,Gujarat,Surat,Surat Constituency 6,Manoj Yadav,Improvement of Village Road,Roads,944000.0,932191.58,835409.62,Completed,2024-12-30,2025-02-23,2025-05-12,Zilla Parishad,Unity Infrastructure,22.507823,72.620252,9457.0,CONTRACTOR_CONCENTRATION
MPLAD-2026-00496,Odisha,Khordha,Khordha Constituency 6,Suresh Reddy,Construction of CC Road,Roads,2571000.0,2383128.45,1644185.97,Completed,2024-07-10,2024-08-28,2025-03-28,State Public Works Department,Unity Infrastructure,20.389872,84.905719,10850.0,NORMAL
MPLAD-2026-00825,Uttar Pradesh,Varanasi,Varanasi Constituency 6,Rohit Mehta,Construction of Indoor Sports Hall,Sports Infrastructure,1003000.0,797094.02,527702.2,Completed,2025-04-05,2025-06-08,2026-01-26,Urban Local Body,Shree Infrastructure Pvt Ltd,27.381024,82.111504,11692.0,NORMAL
MPLAD-2026-00066,Tamil Nadu,Salem,Salem Constituency 3,Priya Singh,Construction of Citizen Service Centre,Public Facilities,2568000.0,2354111.74,2117415.85,Completed,2023-08-11,2023-10-01,2024-05-21,State Water Resources Department,Bharat Construction Co,12.384901,80.301553,5761.0,NORMAL
MPLAD-2026-00142,West Bengal,Darjeeling,Darjeeling Constituency 2,Naveen Singh,Construction of Minor Irrigation Facility,Irrigation,778000.0,690017.78,484905.53,Completed,2024-03-18,2024-06-09,2024-09-15,State Water Resources Department,Eastern Infrastructure,23.286308,87.806883,2004.0,NORMAL
MPLAD-2026-00926,Karnataka,Dharwad,Dharwad Constituency 1,Manoj Yadav,Development of Community Sports Facility,Sports Infrastructure,3958000.0,3685798.6,1739250.77,Delayed,2021-01-30,2021-03-05,2021-07-30,Municipal Corporation,Unity Infrastructure,12.680798,78.39349,5836.0,CONTRACTOR_CONCENTRATION
MPLAD-2026-00828,Andhra Pradesh,Visakhapatnam,Visakhapatnam Constituency 4,Suresh Reddy,Installation of Drinking Water Supply System,Drinking Water,1067000.0,838833.87,584436.65,Completed,2022-07-17,2022-09-14,2023-03-10,State Water Resources Department,Apex Civil Works,16.652318,80.467069,765.0,NORMAL
MPLAD-2026-00656,Rajasthan,Jodhpur,Jodhpur Constituency 6,Manoj Yadav,Village Sanitation Infrastructure,Sanitation,4648000.0,4281293.1,3396705.78,Completed,2025-01-04,2025-02-02,2025-08-06,Zilla Parishad,Unity Infrastructure,26.901138,76.155295,1766.0,CONTRACTOR_CONCENTRATION
MPLAD-2026-00332,Gujarat,Ahmedabad,Ahmedabad Constituency 5,Arun Rao,Village Sanitation Infrastructure,Sanitation,2122000.0,1619132.43,1268343.17,Completed,2021-08-20,2021-10-04,2022-05-14,Municipal Corporation,Shree Infrastructure Pvt Ltd,23.007761,72.326859,13115.0,NORMAL
MPLAD-2026-00665,Rajasthan,Udaipur,Udaipur Constituency 8,Sunita Das,Construction of Internal Roads,Roads,1001000.0,765765.2,590578.91,Completed,2024-05-22,2024-06-28,2025-01-02,District Administration,Unity Infrastructure,26.368037,76.057268,11239.0,CONTRACTOR_CONCENTRATION
MPLAD-2026-00250,Andhra Pradesh,Nellore,Nellore Constituency 5,Arun Rao,Construction of Indoor Sports Hall,Sports Infrastructure,2451000.0,2259074.54,1167703.69,Delayed,2023-10-01,2023-11-30,2025-11-29,District Administration,Dakshin Projects,16.105972,79.97774,413.0,MAJOR_DELAY
MPLAD-2026-00908,Gujarat,Vadodara,Vadodara Constituency 1,Kavita Joshi,Construction of Internal Roads,Roads,3144000.0,2966852.04,1440426.54,Completed,2021-05-11,2021-08-01,2022-01-13,Zilla Parishad,Reliable Infra Solutions,22.901661,72.170363,4176.0,NORMAL
MPLAD-2026-00709,Gujarat,Surat,Surat Constituency 4,Ramesh Naidu,Installation of Drinking Water Supply System,Drinking Water,4873000.0,3728170.19,1702148.49,Completed,2022-03-19,2022-06-01,2022-11-06,Urban Local Body,Bharat Construction Co,23.048156,72.692267,3518.0,NORMAL
MPLAD-2026-00306,Karnataka,Bengaluru Urban,Bengaluru Urban Constituency 6,Priya Singh,Improvement of Village Road,Roads,891000.0,729714.94,474108.09,Completed,2024-10-03,2024-12-07,2025-05-19,State Public Works Department,Saksham Projects,13.266065,77.569587,12173.0,NORMAL
MPLAD-2026-00735,Maharashtra,Aurangabad,Aurangabad Constituency 2,Kavita Joshi,Installation of Street Lighting,Electricity,3112000.0,2360517.0,1829899.13,Delayed,2024-09-07,2024-11-17,2025-01-26,Municipal Corporation,Unity Infrastructure,18.537853,73.077771,7766.0,NORMAL
MPLAD-2026-DUP-0025,Maharashtra,Nashik,Nashik Constituency 2,Amit Kumar,Rural Drinking Water Facility - Phase II,Drinking Water,7539406.05,6426423.71,5144115.3,Delayed,2024-09-25,2024-11-13,2025-02-07,State Water Resources Department,Eastern Infrastructure,19.113098,72.221802,9286.0,SIMILAR_DUPLICATE
MPLAD-2026-00050,Karnataka,Belagavi,Belagavi Constituency 2,Priya Singh,Rural Drinking Water Facility,Drinking Water,3228000.0,3059127.85,1721810.44,Delayed,2023-12-07,2024-02-08,2024-08-01,District Administration,Sunrise Engineering,12.973901,77.489036,5103.0,NORMAL
MPLAD-2026-00897,Maharashtra,Aurangabad,Aurangabad Constituency 1,Vijay Kumar,Construction of Citizen Service Centre,Public Facilities,3959000.0,3128196.04,2281202.18,Completed,2024-01-26,2024-03-22,2024-08-31,Municipal Corporation,Metro Civil Contractors,19.00394,73.179803,13939.0,NORMAL
MPLAD-2026-00003,Uttar Pradesh,Lucknow,Lucknow Constituency 2,Meena Patel,Pipeline Extension for Drinking Water,Drinking Water,4314000.0,3886618.52,3317478.18,Completed,2025-02-03,2025-04-17,2025-10-31,District Administration,Dakshin Projects,26.741331,80.840838,1391.0,NORMAL
MPLAD-2026-00545,Gujarat,Rajkot,Rajkot Constituency 1,Meena Patel,Construction of Internal Roads,Roads,2446000.0,2443007.61,1434088.95,Completed,2024-10-24,2025-01-13,2025-07-11,State Public Works Department,Saksham Projects,22.905931,72.483043,14580.0,NORMAL
MPLAD-2026-00351,Odisha,Cuttack,Cuttack Constituency 4,Rajesh Sharma,Drainage Improvement Works,Sanitation,1955000.0,1917922.49,948982.92,Completed,2024-10-07,2024-12-13,2025-05-30,Urban Local Body,Apex Civil Works,20.060875,86.296554,5744.0,NORMAL
MPLAD-2026-00905,Uttar Pradesh,Lucknow,Lucknow Constituency 4,Ramesh Naidu,Village Community Centre,Community Infrastructure,2594000.0,2317907.06,1104716.19,Completed,2024-06-21,2024-08-31,2025-03-06,Municipal Corporation,Bharat Construction Co,17.387721,,462.0,GEOGRAPHIC_CLUSTER
MPLAD-2026-00537,Rajasthan,Kota,Kota Constituency 1,Amit Kumar,Construction of Citizen Service Centre,Public Facilities,3439000.0,2723156.39,1307353.39,Completed,2023-09-15,2023-11-03,2024-06-03,District Administration,Greenfield Contractors,26.94697,75.209953,5857.0,NORMAL
MPLAD-2026-00345,Maharashtra,Pune,Pune Constituency 5,Priya Singh,Healthcare Facility Improvement,Healthcare,598000.0,571380.02,454166.89,Completed,2022-07-20,2022-10-13,2023-04-21,Municipal Corporation,Dakshin Projects,19.395932,73.077618,1644.0,NORMAL
MPLAD-2026-DUP-0006,Odisha,Cuttack,Cuttack Constituency 4,Rajesh Sharma,Road Widening and Improvement - Phase II,Roads,2520396.45,2214628.55,1102476.44,Completed,2023-10-16,2023-12-20,2024-03-29,Rural Development Department,Unity Infrastructure,19.758834,85.888824,3831.0,SIMILAR_DUPLICATE
MPLAD-2026-00482,Telangana,Karimnagar,Karimnagar Constituency 8,Ramesh Naidu,Solar Lighting Installation,Electricity,3728000.0,3613141.46,3107737.6,Completed,2021-11-25,2022-01-12,2022-07-20,Urban Local Body,Krishna Builders,17.473435,78.805752,7526.0,NORMAL
MPLAD-2026-00576,West Bengal,Murshidabad,Murshidabad Constituency 6,Ramesh Naidu,Electricity Infrastructure Improvement,Electricity,10350999.64,8290759.16,8009229.86,Completed,2021-10-07,2021-12-02,2022-07-21,State Water Resources Department,Unity Infrastructure,22.126473,87.394874,1217.0,EXTREME_COST
MPLAD-2026-00034,Gujarat,Rajkot,Rajkot Constituency 3,Ramesh Naidu,Public Infrastructure Improvement,Public Facilities,1666000.0,1352475.35,1039824.59,Completed,2025-04-18,2025-07-08,2026-01-08,State Water Resources Department,Sunrise Engineering,22.990095,73.02299,1369.0,NORMAL
MPLAD-2026-00032,Odisha,Khordha,Khordha Constituency 8,Meena Patel,Canal Improvement Works,Irrigation,13616856.87,11142400.09,9718097.86,Completed,2021-10-30,2021-11-14,2022-02-09,Municipal Corporation,Apex Civil Works,19.798249,85.286207,13274.0,EXTREME_COST
MPLAD-2026-00232,Karnataka,Belagavi,Belagavi Constituency 6,Naveen Singh,Installation of Drinking Water Supply System,Drinking Water,2246000.0,1907614.83,1169488.84,Delayed,2022-07-20,2022-10-09,2023-04-04,District Administration,Shree Infrastructure Pvt Ltd,12.656724,77.690891,1943.0,NORMAL
MPLAD-2026-00964,Uttar Pradesh,Varanasi,Varanasi Constituency 3,Arun Rao,Electricity Infrastructure Improvement,Electricity,3172000.0,2980460.02,1501771.65,Completed,2022-07-15,2022-09-26,2023-02-03,State Water Resources Department,Unity Infrastructure,25.708071,80.817498,4765.0,CONTRACTOR_CONCENTRATION
MPLAD-2026-00193,Telangana,Hyderabad,Hyderabad Constituency 6,Vijay Kumar,Village Sanitation Infrastructure,Sanitation,2222000.0,2118325.88,1879481.77,Completed,2024-08-06,2024-09-08,2024-11-24,Municipal Corporation,Shree Infrastructure Pvt Ltd,17.04339,78.554377,7310.0,NORMAL
MPLAD-2026-00334,Telangana,Nalgonda,Nalgonda Constituency 1,Amit Kumar,Village Community Centre,Community Infrastructure,3656000.0,3465400.15,1777451.31,Completed,2022-04-22,2022-06-16,2023-01-04,Urban Local Body,Metro Civil Contractors,17.27026,79.163497,13297.0,NORMAL
MPLAD-2026-00004,Gujarat,Vadodara,Vadodara Constituency 6,Kavita Joshi,Construction of Primary Health Centre,Healthcare,706000.0,569724.05,26971.81,Ongoing,2021-06-13,2021-07-27,2021-10-20,Urban Local Body,Prime Development Works,23.733146,72.916746,2764.0,UNDER_UTILIZATION
MPLAD-2026-00205,Telangana,Karimnagar,Karimnagar Constituency 1,Vijay Kumar,Healthcare Facility Improvement,Healthcare,3037000.0,2508493.14,1909863.23,Delayed,2023-08-09,2023-10-10,2024-05-08,Zilla Parishad,Metro Civil Contractors,17.439133,78.718197,12100.0,NORMAL
MPLAD-2026-00515,Telangana,Warangal,Warangal Constituency 6,Suresh Reddy,Drainage Improvement Works,Sanitation,3929000.0,3436294.56,3041967.24,Completed,2021-11-12,2022-01-12,2022-06-06,Zilla Parishad,Bharat Construction Co,17.661083,78.026443,7294.0,NORMAL
MPLAD-2026-00800,Telangana,Warangal,Warangal Constituency 3,Suresh Reddy,Construction of Public Facility,Public Facilities,1955000.0,1904147.2,906554.19,Completed,2023-11-14,2024-01-24,2024-07-10,Rural Development Department,Unity Infrastructure,17.394357,78.159099,8298.0,NORMAL
MPLAD-2026-00307,Telangana,Hyderabad,Hyderabad Constituency 5,Ramesh Naidu,Construction of Indoor Sports Hall,Sports Infrastructure,2064000.0,1968805.68,1108728.5,Completed,2022-02-03,2022-04-17,2022-09-27,Municipal Corporation,Sunrise Engineering,17.510986,77.98023,6770.0,NORMAL
MPLAD-2026-00110,Gujarat,Vadodara,Vadodara Constituency 2,Ramesh Naidu,Installation of Street Lighting,Electricity,2438000.0,2435012.33,133088.89,Ongoing,2022-08-25,2022-10-20,2023-01-14,Rural Development Department,Greenfield Contractors,22.804086,72.608243,-51.0,UNDER_UTILIZATION
MPLAD-2026-00431,Rajasthan,Jodhpur,Jodhpur Constituency 6,Manoj Yadav,Construction of Public Facility,Public Facilities,4372000.0,3356273.56,3009628.3,Completed,2022-11-13,2023-02-03,2023-04-12,Rural Development Department,Metro Civil Contractors,27.003715,75.105215,11536.0,NORMAL
MPLAD-2026-00078,Uttar Pradesh,Lucknow,Lucknow Constituency 8,Deepak Gupta,Construction of Primary Health Centre,Healthcare,3773000.0,3686930.03,2873783.28,Delayed,2022-09-10,2022-11-22,2023-07-04,State Water Resources Department,Shree Infrastructure Pvt Ltd,26.978583,80.624742,13982.0,NORMAL
MPLAD-2026-00085,Andhra Pradesh,Guntur,Guntur Constituency 4,Meena Patel,Village Electrification Works,Electricity,2034000.0,1713672.0,1389441.8,Completed,2025-05-10,2025-08-05,2026-03-05,Municipal Corporation,Shree Infrastructure Pvt Ltd,16.389575,80.260819,2679.0,NORMAL
MPLAD-2026-00287,Rajasthan,Udaipur,Udaipur Constituency 6,Suresh Reddy,Community Infrastructure Development,Community Infrastructure,2583000.0,2168907.39,180155.38,Ongoing,2024-02-04,2024-03-03,2024-06-15,Rural Development Department,Bharat Construction Co,27.059517,75.688705,14169.0,UNDER_UTILIZATION
MPLAD-2026-00083,Odisha,Puri,Puri Constituency 6,Rajesh Sharma,Canal Improvement Works,Irrigation,1196000.0,1041174.63,909609.12,Completed,2022-12-19,2023-03-15,2023-08-16,Zilla Parishad,Sunrise Engineering,20.729619,86.010251,13325.0,NORMAL
MPLAD-2026-DUP-0009,Telangana,Warangal,Warangal Constituency 4,Arun Rao,Healthcare Facility Improvement - Phase II,Healthcare,1816588.52,1732104.97,1084608.87,Delayed,2022-01-25,2022-02-24,2022-08-25,Zilla Parishad,Reliable Infra Solutions,17.382308,78.485061,6598.0,SIMILAR_DUPLICATE
MPLAD-2026-00790,Gujarat,Ahmedabad,Ahmedabad Constituency 8,Priya Singh,Construction of Minor Irrigation Facility,Irrigation,2288000.0,1848770.09,1173804.12,Completed,2024-02-28,2024-03-27,2024-11-06,District Rural Development Agency,National Projects Ltd,22.691934,72.206786,1662.0,NORMAL
MPLAD-2026-00895,Odisha,Ganjam,Ganjam Constituency 7,Ramesh Naidu,Construction of Internal Roads,Roads,3412000.0,2934529.06,1996569.89,Completed,2023-12-07,2023-12-26,2024-06-05,District Administration,Greenfield Contractors,20.439729,86.427703,11062.0,NORMAL
MPLAD-2026-00399,West Bengal,Kolkata,Kolkata Constituency 5,Kavita Joshi,Construction of Internal Roads,Roads,2908000.0,2188839.53,1481882.42,Delayed,2023-08-19,2023-11-15,2025-07-02,Rural Development Department,Metro Civil Contractors,22.5548,88.670575,4838.0,MAJOR_DELAY
MPLAD-2026-00324,Odisha,Ganjam,Ganjam Constituency 7,Deepak Gupta,Construction of Indoor Sports Hall,Sports Infrastructure,4590000.0,3995195.31,2251549.14,Completed,2021-07-03,2021-09-12,2022-01-28,Municipal Corporation,Sunrise Engineering,19.082501,85.800067,5073.0,NORMAL
MPLAD-2026-00520,Tamil Nadu,Salem,Salem Constituency 6,Naveen Singh,Electricity Infrastructure Improvement,Electricity,4464000.0,3442057.51,2473864.37,Delayed,2023-03-10,2023-04-10,2023-10-20,Zilla Parishad,Sunrise Engineering,13.183703,80.741894,1620.0,NORMAL
MPLAD-2026-00917,Telangana,Nalgonda,Nalgonda Constituency 8,Kavita Joshi,Solar Lighting Installation,Electricity,2739000.0,2592709.99,1539024.79,Completed,2024-11-01,2024-11-23,2025-06-06,District Rural Development Agency,Apex Civil Works,17.813911,78.615906,5131.0,NORMAL
MPLAD-2026-00923,Tamil Nadu,Chennai,Chennai Constituency 2,Rajesh Sharma,Renovation of Government School,Education,799000.0,706503.71,377049.28,Completed,2025-02-24,2025-04-12,2025-12-02,District Administration,Unity Infrastructure,13.154635,79.808246,4766.0,CONTRACTOR_CONCENTRATION
MPLAD-2026-00006,Uttar Pradesh,Lucknow,Lucknow Constituency 4,Rohit Mehta,Construction of Internal Roads,Roads,2305000.0,1766891.18,1601807.11,Completed,2024-03-07,2024-05-01,2024-08-23,State Water Resources Department,Krishna Builders,26.638162,80.736622,2440.0,NORMAL
MPLAD-2026-00732,Karnataka,Bengaluru Urban,Bengaluru Urban Constituency 2,Priya Singh,Construction of Primary Health Centre,Healthcare,2632000.0,2521934.01,1694507.48,Completed,2021-04-24,2021-05-24,2021-10-07,Zilla Parishad,National Projects Ltd,17.387845,78.488552,13890.0,GEOGRAPHIC_CLUSTER
MPLAD-2026-00466,Gujarat,Surat,Surat Constituency 1,Meena Patel,Drainage Improvement Works,Sanitation,3160000.0,2668460.19,2103397.45,Completed,2025-04-19,2025-06-09,2025-10-29,State Public Works Department,Vardhan Construction,22.77266,73.417921,2200.0,NORMAL
MPLAD-2026-00098,Tamil Nadu,Coimbatore,Coimbatore Constituency 3,Rajesh Sharma,Construction of Community Toilet,Sanitation,2785000.0,2464565.39,336596.07,Ongoing,2023-12-15,2024-01-03,2024-08-19,Municipal Corporation,Metro Civil Contractors,13.160631,80.444093,9885.0,UNDER_UTILIZATION
MPLAD-2026-00267,Odisha,Ganjam,Ganjam Constituency 3,Ramesh Naidu,Canal Improvement Works,Irrigation,3787000.0,2961795.45,1906515.99,Delayed,2024-05-14,2024-07-09,2025-01-14,Zilla Parishad,Krishna Builders,20.266364,85.279543,4582.0,NORMAL
MPLAD-2026-00358,Maharashtra,Nagpur,Nagpur Constituency 3,Vijay Kumar,Electricity Infrastructure Improvement,Electricity,895000.0,756768.84,704024.21,Completed,2024-06-08,2024-07-22,2025-01-04,District Administration,National Projects Ltd,19.059064,73.374186,5218.0,NORMAL
MPLAD-2026-00869,Uttar Pradesh,Varanasi,Varanasi Constituency 4,Sunita Das,Village Irrigation Infrastructure,Irrigation,4520000.0,4197842.04,3099804.27,Completed,2022-01-22,2022-02-24,2022-06-16,State Public Works Department,Bharat Construction Co,26.372543,80.465689,8839.0,NORMAL
MPLAD-2026-00799,Odisha,Khordha,Khordha Constituency 3,Sunita Das,Sports Infrastructure Improvement,Sports Infrastructure,1986000.0,1872787.42,1397258.58,Completed,2022-07-22,2022-10-05,2023-01-26,Zilla Parishad,Metro Civil Contractors,17.383611,78.485881,3646.0,GEOGRAPHIC_CLUSTER
MPLAD-2026-00381,West Bengal,Darjeeling,Darjeeling Constituency 4,Deepak Gupta,Village Sanitation Infrastructure,Sanitation,1005000.0,950967.18,797761.8,Completed,2021-07-09,2021-09-18,2022-03-26,Municipal Corporation,Unity Infrastructure,22.313563,88.418804,3216.0,CONTRACTOR_CONCENTRATION
MPLAD-2026-00632,Telangana,Hyderabad,Hyderabad Constituency 6,Naveen Singh,Renovation of Government School,Education,2095000.0,1624325.66,1130568.12,Delayed,2021-06-23,2021-09-13,2022-03-23,District Rural Development Agency,,17.62744,78.072397,8085.0,DATA_QUALITY
MPLAD-2026-00382,Uttar Pradesh,Varanasi,Varanasi Constituency 5,Sunita Das,Village Community Centre,Community Infrastructure,3963000.0,3069592.74,2888906.5,Completed,2023-11-24,2023-12-25,2024-04-15,District Administration,Prime Development Works,27.998738,80.902973,11792.0,NORMAL
MPLAD-2026-00491,Telangana,Nalgonda,Nalgonda Constituency 7,Suresh Reddy,Construction of Community Toilet,Sanitation,9486391.77,7762681.44,8149580.05,Completed,2022-07-30,2022-09-29,2023-03-18,Rural Development Department,Unity Infrastructure,17.73861,78.678156,10142.0,EXTREME_COST
MPLAD-2026-00119,Gujarat,Vadodara,Vadodara Constituency 3,Manoj Yadav,Construction of Community Toilet,Sanitation,2762000.0,2187943.09,2014665.64,Completed,2021-11-12,2021-12-18,2022-08-03,Urban Local Body,Dakshin Projects,22.111186,72.655304,13904.0,NORMAL
MPLAD-2026-00901,Karnataka,Dharwad,Dharwad Constituency 2,Rohit Mehta,Construction of Community Toilet,Sanitation,1957000.0,1577745.56,1361700.15,Completed,2022-05-19,2022-08-12,2022-11-19,State Public Works Department,Sunrise Engineering,13.827136,77.567303,8201.0,NORMAL
MPLAD-2026-00251,Tamil Nadu,Coimbatore,Coimbatore Constituency 3,Priya Singh,Construction of Approach Road,Roads,2771000.0,2163570.46,1742875.1,Delayed,2025-06-11,2025-06-30,2025-12-03,State Public Works Department,Unity Infrastructure,13.49948,81.129937,9830.0,CONTRACTOR_CONCENTRATION
MPLAD-2026-00524,Rajasthan,Jaipur,Jaipur Constituency 2,Amit Kumar,Electricity Infrastructure Improvement,Electricity,2643000.0,2277052.92,1445125.05,Completed,2023-12-14,2024-02-18,2024-09-15,District Administration,Metro Civil Contractors,27.205945,75.077924,14387.0,NORMAL
MPLAD-2026-00010,Gujarat,Surat,Surat Constituency 3,Vijay Kumar,Construction of Additional Classrooms,Education,3195000.0,2786523.81,1409796.75,Completed,2023-01-14,2023-03-09,2023-07-08,District Rural Development Agency,Dakshin Projects,22.613889,71.935863,1503.0,NORMAL
MPLAD-2026-00197,Rajasthan,Kota,Kota Constituency 6,Deepak Gupta,Renovation of Government School,Education,4795000.0,4519727.5,2071593.15,Completed,2021-05-19,2021-06-04,2021-10-09,State Public Works Department,Dakshin Projects,26.318295,76.611456,13031.0,NORMAL
MPLAD-2026-00604,Rajasthan,Jaipur,Jaipur Constituency 3,Naveen Singh,Community Infrastructure Development,Community Infrastructure,3948000.0,3178511.15,1839767.62,Completed,2023-09-03,2023-10-03,2024-05-20,State Water Resources Department,Saksham Projects,26.596504,75.488995,1581.0,NORMAL
MPLAD-2026-00082,Telangana,Nalgonda,Nalgonda Constituency 3,Deepak Gupta,Construction of Approach Road,Roads,4805000.0,4278472.16,3358629.02,Delayed,2023-04-22,2023-06-21,2024-02-06,State Public Works Department,Krishna Builders,17.906368,78.117393,4812.0,NORMAL
MPLAD-2026-00784,Tamil Nadu,Chennai,Chennai Constituency 6,Suresh Reddy,Construction of Minor Irrigation Facility,Irrigation,4776000.0,3607214.53,2307153.0,Completed,2025-05-18,2025-07-14,2025-12-11,District Rural Development Agency,Saksham Projects,13.112846,80.502873,10830.0,NORMAL
MPLAD-2026-00588,Maharashtra,Aurangabad,Aurangabad Constituency 4,Anil Verma,Construction of Public Facility,Public Facilities,4780000.0,4014700.41,2564826.46,Completed,2023-08-23,2023-11-02,2024-04-18,District Administration,Reliable Infra Solutions,18.736716,72.751396,12557.0,NORMAL
MPLAD-2026-00798,Rajasthan,Udaipur,Udaipur Constituency 6,Kavita Joshi,Solar Lighting Installation,Electricity,3025000.0,2753959.51,1518241.51,Completed,2024-04-28,2024-06-01,2024-08-26,Municipal Corporation,Sunrise Engineering,25.84908,75.332921,4407.0,NORMAL
MPLAD-2026-00240,Rajasthan,Jaipur,Jaipur Constituency 1,Arun Rao,School Building Improvement,Education,3205000.0,2410531.56,1388936.76,Delayed,2022-09-18,2022-11-07,2023-04-24,Urban Local Body,Eastern Infrastructure,28.297896,76.291109,7620.0,NORMAL
MPLAD-2026-00291,West Bengal,Howrah,Howrah Constituency 2,Anil Verma,Village Community Centre,Community Infrastructure,693000.0,555573.61,502162.46,Delayed,2023-01-10,2023-03-15,2023-09-11,State Public Works Department,Dakshin Projects,22.724923,88.17702,753.0,NORMAL
MPLAD-2026-00212,Telangana,Warangal,Warangal Constituency 2,Amit Kumar,Improvement of Village Road,Roads,1088000.0,1040039.17,661589.58,Completed,2024-07-14,2024-08-08,2025-03-05,District Rural Development Agency,Dakshin Projects,17.272966,78.923907,457.0,NORMAL
MPLAD-2026-00718,Odisha,Khordha,Khordha Constituency 8,Rohit Mehta,Construction of Community Health Facility,Healthcare,992000.0,947093.76,694819.58,Completed,2022-08-19,2022-10-02,2023-04-14,Municipal Corporation,Metro Civil Contractors,20.220895,85.951661,12801.0,NORMAL
MPLAD-2026-00360,Karnataka,Mysuru,Mysuru Constituency 6,Rajesh Sharma,Construction of Sports Ground,Sports Infrastructure,1329000.0,1275681.35,666876.99,Delayed,2021-03-02,2021-04-26,2021-10-08,State Water Resources Department,Sunrise Engineering,12.807975,77.568974,12316.0,NORMAL
MPLAD-2026-00450,Maharashtra,Pune,Pune Constituency 4,Sunita Das,Construction of Additional Classrooms,Education,3194000.0,2528958.03,1545960.72,Completed,2022-10-10,2022-12-02,2023-04-10,Urban Local Body,Unity Infrastructure,19.618929,72.510079,1670.0,CONTRACTOR_CONCENTRATION
MPLAD-2026-00228,Odisha,Ganjam,Ganjam Constituency 4,Rajesh Sharma,Improvement of Village Road,Roads,1269000.0,1044327.19,512731.28,Completed,2021-08-25,2021-10-18,2022-03-28,Rural Development Department,Dakshin Projects,20.057484,85.467707,1593.0,NORMAL
MPLAD-2026-00951,Uttar Pradesh,Kanpur Nagar,Kanpur Nagar Constituency 1,Manoj Yadav,Waste Management Facility,Sanitation,3894000.0,2983440.02,1436202.63,Completed,2022-12-06,2022-12-28,2023-08-03,District Rural Development Agency,Unity Infrastructure,27.160329,80.795981,11143.0,CONTRACTOR_CONCENTRATION
MPLAD-2026-00947,Odisha,Khordha,Khordha Constituency 3,Kavita Joshi,Construction of Citizen Service Centre,Public Facilities,4038000.0,3135338.15,1602123.93,Delayed,2024-12-13,2025-01-14,2025-05-05,District Rural Development Agency,Dakshin Projects,20.099726,85.775176,3140.0,NORMAL
MPLAD-2026-00797,West Bengal,Darjeeling,Darjeeling Constituency 2,Amit Kumar,Water Conservation Structure,Irrigation,3175000.0,2434250.28,1869922.33,Completed,2022-04-08,2022-06-06,2023-01-12,Rural Development Department,Apex Civil Works,22.769052,88.770671,4756.0,NORMAL
MPLAD-2026-00502,Telangana,Hyderabad,Hyderabad Constituency 2,Deepak Gupta,Village Electrification Works,Electricity,925000.0,846572.78,621586.84,Completed,2022-06-03,2022-08-02,2022-12-05,State Public Works Department,Metro Civil Contractors,17.411834,78.195578,1966.0,NORMAL
MPLAD-2026-00465,Andhra Pradesh,Guntur,Guntur Constituency 3,Deepak Gupta,Village Sanitation Infrastructure,Sanitation,2712000.0,2125183.03,1716853.75,Completed,2023-09-26,2023-10-25,2024-05-17,State Water Resources Department,Greenfield Contractors,17.204486,80.570412,7897.0,NORMAL
MPLAD-2026-00363,Tamil Nadu,Chennai,Chennai Constituency 7,Sunita Das,Construction of Internal Roads,Roads,4776000.0,3847729.73,3023044.06,Completed,2022-02-20,2022-04-02,2022-06-17,State Water Resources Department,Prime Development Works,13.159589,80.187907,11369.0,NORMAL
MPLAD-2026-00469,West Bengal,Kolkata,Kolkata Constituency 6,Meena Patel,Water Conservation Structure,Irrigation,1951000.0,1510915.7,1048846.42,Completed,2024-11-15,2024-12-26,2025-05-21,Urban Local Body,Metro Civil Contractors,22.113045,88.68266,2830.0,NORMAL
MPLAD-2026-00936,Rajasthan,Jodhpur,Jodhpur Constituency 3,Meena Patel,Community Infrastructure Development,Community Infrastructure,1606000.0,1500993.97,1247791.5,Delayed,2023-09-24,2023-11-18,2024-06-21,State Public Works Department,Vardhan Construction,26.414833,75.690586,11178.0,NORMAL
MPLAD-2026-00429,Gujarat,Ahmedabad,Ahmedabad Constituency 7,Deepak Gupta,Village Electrification Works,Electricity,4144000.0,3829733.03,1911035.26,Completed,2023-10-12,2023-11-26,2024-02-15,District Administration,Shree Infrastructure Pvt Ltd,22.64794,,3671.0,DATA_QUALITY
MPLAD-2026-00008,Telangana,Warangal,Warangal Constituency 3,Sunita Das,Installation of Street Lighting,Electricity,2231000.0,2005606.77,1371885.06,Completed,2022-05-30,2022-08-23,2022-10-24,Rural Development Department,Bharat Construction Co,16.608787,78.233671,12692.0,NORMAL
MPLAD-2026-00156,Odisha,Cuttack,Cuttack Constituency 8,Deepak Gupta,Construction of Public Utility Building,Community Infrastructure,3935000.0,3431931.01,2785969.43,Completed,2025-02-23,2025-05-11,2025-11-04,Urban Local Body,Metro Civil Contractors,20.198143,86.31895,,DATA_QUALITY
MPLAD-2026-00542,Tamil Nadu,Chennai,Chennai Constituency 5,Manoj Yadav,Village Community Centre,Community Infrastructure,905000.0,817541.41,491824.14,Delayed,2025-01-10,2025-02-22,2025-06-21,State Public Works Department,Unity Infrastructure,12.937964,81.205237,4699.0,NORMAL
MPLAD-2026-00441,Maharashtra,Aurangabad,Aurangabad Constituency 5,Sunita Das,Canal Improvement Works,Irrigation,4098000.0,3819893.11,3480480.52,Delayed,2022-11-25,2022-12-24,2023-06-24,District Rural Development Agency,National Projects Ltd,20.21312,72.638809,5147.0,NORMAL
MPLAD-2026-00483,Andhra Pradesh,Guntur,Guntur Constituency 3,Manoj Yadav,Renovation of Public Building,Public Facilities,514000.0,411209.68,247866.41,Completed,2024-03-25,2024-04-19,2024-07-16,Municipal Corporation,Saksham Projects,16.459619,81.248053,13976.0,NORMAL
MPLAD-2026-00423,Karnataka,Mysuru,Mysuru Constituency 1,Amit Kumar,Construction of Public Utility Building,Community Infrastructure,1443000.0,1172935.98,889566.0,Completed,2025-04-03,2025-06-15,INVALID_DATE,Municipal Corporation,Shree Infrastructure Pvt Ltd,13.046503,77.816203,2689.0,INVALID_DATE
MPLAD-2026-00779,Tamil Nadu,Chennai,Chennai Constituency 7,Rajesh Sharma,Renovation of Public Building,Public Facilities,3695000.0,2807103.26,4793614.99,Completed,2024-06-10,2024-08-12,2025-03-21,Urban Local Body,Greenfield Contractors,13.493813,79.909269,8033.0,EXPENDITURE_OVER_SANCTION
MPLAD-2026-00950,Telangana,Hyderabad,Hyderabad Constituency 4,Suresh Reddy,Village Community Centre,Community Infrastructure,1231000.0,1118762.63,834769.33,Completed,2024-05-16,2024-07-22,2025-01-27,District Administration,Apex Civil Works,17.637414,78.353734,4211.0,NORMAL
MPLAD-2026-00335,West Bengal,Howrah,Howrah Constituency 1,Ramesh Naidu,Solar Lighting Installation,Electricity,3760000.0,3055654.47,1435376.18,Completed,2024-12-18,2025-02-27,2025-09-18,State Water Resources Department,Reliable Infra Solutions,17.385002,78.485066,3209.0,GEOGRAPHIC_CLUSTER
MPLAD-2026-00577,Telangana,Warangal,Warangal Constituency 8,Suresh Reddy,Construction of Citizen Service Centre,Public Facilities,4287000.0,3398078.86,1559830.55,Delayed,2021-07-25,2021-08-31,2023-07-31,District Administration,Reliable Infra Solutions,17.097467,77.89131,2859.0,MAJOR_DELAY
MPLAD-2026-00935,Gujarat,Surat,Surat Constituency 7,Naveen Singh,Sports Infrastructure Improvement,Sports Infrastructure,1311000.0,1128436.81,899346.99,Completed,2023-03-02,2023-05-28,2024-01-13,Municipal Corporation,Reliable Infra Solutions,22.531565,72.386534,10606.0,NORMAL
MPLAD-2026-00568,Tamil Nadu,Salem,Salem Constituency 7,Manoj Yadav,Solar Lighting Installation,Electricity,1967000.0,1486678.19,1252792.35,Completed,2021-10-12,2021-11-15,2022-04-08,District Administration,Metro Civil Contractors,12.97283,80.704539,6347.0,NORMAL
MPLAD-2026-00595,Odisha,Puri,Puri Constituency 3,Anil Verma,Construction of Community Health Facility,Healthcare,3646000.0,2740352.11,1463894.3,Completed,2023-10-05,2023-10-20,2024-01-12,District Administration,Reliable Infra Solutions,20.543623,85.388745,8700.0,NORMAL
MPLAD-2026-00531,Odisha,Khordha,Khordha Constituency 4,Sunita Das,Construction of Public Facility,Public Facilities,1041000.0,1024391.32,553039.88,Completed,2021-02-08,2021-03-30,2021-07-20,State Water Resources Department,Reliable Infra Solutions,20.643364,84.542656,1486.0,NORMAL
MPLAD-2026-00582,Maharashtra,Nashik,Nashik Constituency 1,Rajesh Sharma,Construction of Community Health Facility,Healthcare,1857000.0,,1573120.26,Completed,2021-07-28,2021-10-19,2022-05-12,Urban Local Body,Bharat Construction Co,18.450692,72.137271,10436.0,DATA_QUALITY
MPLAD-2026-00708,West Bengal,Kolkata,Kolkata Constituency 4,Kavita Joshi,Public Infrastructure Improvement,Public Facilities,4894000.0,4064358.55,3314209.2,Completed,2022-04-08,2022-05-04,2022-09-08,District Rural Development Agency,Reliable Infra Solutions,22.283017,88.781428,5883.0,NORMAL
MPLAD-2026-00449,Maharashtra,Nagpur,Nagpur Constituency 1,Suresh Reddy,Community Infrastructure Development,Community Infrastructure,4452000.0,3489808.6,1855372.19,Completed,2022-07-13,2022-09-12,2023-02-26,State Public Works Department,Unity Infrastructure,17.378961,78.487068,4849.0,GEOGRAPHIC_CLUSTER
MPLAD-2026-00454,West Bengal,Murshidabad,Murshidabad Constituency 1,Priya Singh,Installation of Drinking Water Supply System,Drinking Water,4069000.0,3574086.71,1714248.57,Completed,2021-09-01,2021-10-18,2021-12-28,State Public Works Department,Greenfield Contractors,21.960665,88.699714,12462.0,NORMAL
MPLAD-2026-00229,Gujarat,Rajkot,Rajkot Constituency 3,Vijay Kumar,Solar Lighting Installation,Electricity,1340000.0,1019946.67,683231.89,Completed,2022-06-24,2022-08-06,2022-12-12,District Rural Development Agency,National Projects Ltd,22.974336,72.105541,1504.0,NORMAL
MPLAD-2026-00353,Andhra Pradesh,Krishna,Krishna Constituency 3,Rohit Mehta,Construction of Community Toilet,Sanitation,2045000.0,1944938.55,1171940.28,Completed,2023-08-23,2023-09-09,2024-01-31,Zilla Parishad,Saksham Projects,15.799517,80.872704,3439.0,NORMAL
MPLAD-2026-00729,Tamil Nadu,Madurai,Madurai Constituency 3,Kavita Joshi,Construction of Indoor Sports Hall,Sports Infrastructure,741000.0,712306.14,365390.2,Completed,2024-10-04,2024-10-19,2025-04-15,State Water Resources Department,Unity Infrastructure,13.421704,80.442221,13849.0,CONTRACTOR_CONCENTRATION
MPLAD-2026-00213,Telangana,Warangal,Warangal Constituency 8,Sunita Das,Construction of Additional Classrooms,Education,4573000.0,4377911.45,2695808.19,Completed,2021-03-29,2021-06-11,2021-08-22,District Administration,Vardhan Construction,17.675419,79.102584,13562.0,NORMAL
MPLAD-2026-00080,Odisha,Puri,Puri Constituency 8,Deepak Gupta,Water Conservation Structure,Irrigation,946000.0,875470.83,767259.46,Completed,2024-08-26,2024-11-19,2025-03-14,Zilla Parishad,Unity Infrastructure,19.760013,86.119949,6879.0,CONTRACTOR_CONCENTRATION
MPLAD-2026-00149,Andhra Pradesh,Krishna,Krishna Constituency 5,Priya Singh,Village Irrigation Infrastructure,Irrigation,3099000.0,2922773.98,2511221.81,Delayed,2022-05-01,2022-06-23,2022-09-27,Zilla Parishad,Saksham Projects,16.90482,80.738285,6875.0,NORMAL
MPLAD-2026-00303,Tamil Nadu,Salem,Salem Constituency 3,Rajesh Sharma,Construction of Community Health Facility,Healthcare,4037000.0,3836011.63,2903909.46,Completed,2024-11-02,2024-11-23,2025-03-04,State Public Works Department,Unity Infrastructure,13.268746,81.115258,13278.0,CONTRACTOR_CONCENTRATION
MPLAD-2026-00629,Rajasthan,Udaipur,Udaipur Constituency 4,Ramesh Naidu,Construction of Sports Ground,Sports Infrastructure,3233000.0,3204426.25,267697.21,Ongoing,2025-04-14,2025-07-05,2025-10-30,Municipal Corporation,Unity Infrastructure,27.665058,75.975859,8516.0,UNDER_UTILIZATION
MPLAD-2026-00778,Andhra Pradesh,Krishna,Krishna Constituency 3,Kavita Joshi,Electricity Infrastructure Improvement,Electricity,3530000.0,2881614.94,1514912.67,Completed,2022-01-19,2022-04-07,2022-08-17,District Rural Development Agency,Greenfield Contractors,16.398084,80.765314,8559.0,NORMAL
MPLAD-2026-00507,West Bengal,Murshidabad,Murshidabad Constituency 1,Rajesh Sharma,School Building Improvement,Education,3825000.0,3294535.56,2281543.03,Completed,2021-02-10,2021-04-23,2021-11-18,District Administration,Sunrise Engineering,23.506467,88.053765,934.0,NORMAL
MPLAD-2026-00343,Karnataka,Dharwad,Dharwad Constituency 6,Manoj Yadav,Renovation of Government School,Education,4701000.0,4586395.46,3325323.24,Completed,2022-10-27,2022-12-28,2023-06-11,Urban Local Body,Unity Infrastructure,12.421642,77.915449,10068.0,CONTRACTOR_CONCENTRATION
MPLAD-2026-00486,Telangana,Nalgonda,Nalgonda Constituency 3,Kavita Joshi,Installation of Drinking Water Supply System,Drinking Water,3734000.0,3206720.68,2918098.26,Completed,2023-07-19,2023-10-05,2024-01-03,Zilla Parishad,Apex Civil Works,17.442647,78.180227,14221.0,NORMAL
MPLAD-2026-00712,Andhra Pradesh,Visakhapatnam,Visakhapatnam Constituency 3,Anil Verma,Road Widening and Improvement,Roads,3478000.0,3002071.28,1749575.21,Completed,2024-02-02,2024-02-27,2024-07-26,District Administration,National Projects Ltd,16.335771,80.222356,8327.0,NORMAL
MPLAD-2026-00134,Maharashtra,Nagpur,Nagpur Constituency 2,Kavita Joshi,Canal Improvement Works,Irrigation,1591000.0,1459676.46,1044428.79,Completed,2024-07-30,2024-09-12,2024-11-24,State Water Resources Department,Unity Infrastructure,19.810585,72.234136,1747.0,CONTRACTOR_CONCENTRATION
MPLAD-2026-00704,Gujarat,Ahmedabad,Ahmedabad Constituency 6,Manoj Yadav,Construction of CC Road,Roads,2615000.0,2503764.58,1646323.95,Completed,2022-09-09,2022-10-29,2023-03-19,District Rural Development Agency,Krishna Builders,22.382685,73.247,9216.0,NORMAL
MPLAD-2026-00312,West Bengal,Kolkata,Kolkata Constituency 1,Rohit Mehta,Construction of Citizen Service Centre,Public Facilities,3293000.0,2875069.22,2710272.16,Completed,2024-03-22,2024-05-11,2024-11-12,Rural Development Department,Metro Civil Contractors,23.419511,88.969339,6618.0,NORMAL
MPLAD-2026-00723,Telangana,Hyderabad,Hyderabad Constituency 8,Naveen Singh,Renovation of Government School,Education,3564000.0,3139158.88,1867457.01,Completed,2024-02-18,2024-03-24,2024-08-08,Rural Development Department,Bharat Construction Co,17.56486,78.193589,355.0,NORMAL
MPLAD-2026-00630,Uttar Pradesh,Lucknow,Lucknow Constituency 7,Arun Rao,Electricity Infrastructure Improvement,Electricity,8748862.49,8170259.6,7557658.72,Completed,2022-05-27,2022-08-19,2022-11-17,Rural Development Department,Prime Development Works,26.529445,80.921104,4437.0,EXTREME_COST
MPLAD-2026-00001,Telangana,Hyderabad,Hyderabad Constituency 5,Priya Singh,Renovation of Health Sub Centre,Healthcare,3814000.0,3505732.96,3141451.49,Completed,2021-06-28,2021-09-26,,Zilla Parishad,Bharat Construction Co,17.608521,78.424481,3911.0,DATA_QUALITY
MPLAD-2026-00317,West Bengal,Darjeeling,Darjeeling Constituency 5,Deepak Gupta,Construction of Minor Irrigation Facility,Irrigation,2293000.0,2115603.88,1015528.34,Completed,2022-06-05,2022-08-19,2023-03-28,Urban Local Body,Reliable Infra Solutions,22.501496,88.171804,4356.0,NORMAL
MPLAD-2026-00707,Andhra Pradesh,Nellore,Nellore Constituency 2,Anil Verma,Community Infrastructure Development,Community Infrastructure,1715000.0,1359282.69,705306.86,Completed,2023-08-02,2023-09-01,2023-12-02,District Administration,National Projects Ltd,16.705149,81.574251,10535.0,NORMAL
MPLAD-2026-00548,Andhra Pradesh,Nellore,Nellore Constituency 4,Rajesh Sharma,Water Conservation Structure,Irrigation,3938000.0,3569155.85,2639273.81,Completed,2021-06-25,2021-07-17,2021-09-23,District Rural Development Agency,Dakshin Projects,16.829688,80.563678,12922.0,NORMAL
MPLAD-2026-00873,Gujarat,Vadodara,Vadodara Constituency 8,Anil Verma,Construction of Sports Ground,Sports Infrastructure,4752000.0,3583180.81,2293287.91,Completed,2023-05-11,2023-07-16,2023-10-09,District Rural Development Agency,Sunrise Engineering,22.605191,72.678666,7213.0,NORMAL
MPLAD-2026-00533,Telangana,Warangal,Warangal Constituency 5,Suresh Reddy,Construction of School Laboratory,Education,3957000.0,3120319.43,2889672.79,Completed,2024-10-21,2024-11-26,2025-02-09,Municipal Corporation,Unity Infrastructure,17.221902,77.982849,545.0,NORMAL
MPLAD-2026-00478,Uttar Pradesh,Agra,Agra Constituency 7,Sunita Das,Construction of Community Health Facility,Healthcare,1481000.0,1150297.89,640778.41,Completed,2022-07-17,2022-09-26,2023-03-09,State Public Works Department,Unity Infrastructure,26.809732,81.448983,8134.0,CONTRACTOR_CONCENTRATION
MPLAD-2026-00405,Maharashtra,Nashik,Nashik Constituency 5,Anil Verma,Pipeline Extension for Drinking Water,Drinking Water,3445000.0,2920631.18,2443328.51,Completed,2025-03-15,2025-04-29,2025-12-17,Urban Local Body,Apex Civil Works,19.64109,72.475127,11203.0,NORMAL
MPLAD-2026-00173,Andhra Pradesh,Nellore,Nellore Constituency 2,Rajesh Sharma,Healthcare Facility Improvement,Healthcare,1249000.0,1128058.67,825299.17,Delayed,2024-08-14,2024-10-19,2025-03-12,District Rural Development Agency,Krishna Builders,16.288033,80.704422,272.0,NORMAL
MPLAD-2026-00126,Odisha,Khordha,Khordha Constituency 3,Rajesh Sharma,Solar Lighting Installation,Electricity,4077000.0,3403362.69,4981772.15,Completed,2025-03-27,2025-04-29,2025-08-17,State Public Works Department,Krishna Builders,19.728702,86.237538,842.0,EXPENDITURE_OVER_SANCTION
MPLAD-2026-00395,Uttar Pradesh,Varanasi,Varanasi Constituency 7,Meena Patel,Electricity Infrastructure Improvement,Electricity,3481000.0,3024006.85,1645402.71,Completed,2023-02-27,2023-04-29,2023-10-12,Municipal Corporation,Eastern Infrastructure,26.815125,80.198768,2300.0,NORMAL
MPLAD-2026-00421,Tamil Nadu,Coimbatore,Coimbatore Constituency 1,Kavita Joshi,Renovation of Government School,Education,3254000.0,2512105.24,2168554.25,Completed,2022-09-09,2022-11-07,2023-04-23,Zilla Parishad,Apex Civil Works,13.060441,80.574369,2025.0,NORMAL
MPLAD-2026-00553,Odisha,Cuttack,Cuttack Constituency 1,Priya Singh,Construction of Sports Ground,Sports Infrastructure,2399000.0,1916445.43,1054401.35,Completed,2022-02-17,2022-03-12,2022-08-06,State Water Resources Department,Prime Development Works,20.794782,85.356542,9926.0,NORMAL
MPLAD-2026-00904,Uttar Pradesh,Agra,Agra Constituency 4,Vijay Kumar,Construction of Indoor Sports Hall,Sports Infrastructure,847000.0,782034.9,477691.38,Completed,2024-12-09,2025-01-24,2025-08-09,State Water Resources Department,Unity Infrastructure,26.966907,81.175126,8871.0,CONTRACTOR_CONCENTRATION
MPLAD-2026-00091,Uttar Pradesh,Agra,Agra Constituency 3,Priya Singh,Construction of Overhead Water Tank,Drinking Water,1652000.0,1310655.1,689974.58,Delayed,2025-04-04,2025-04-28,2025-08-11,State Water Resources Department,Greenfield Contractors,27.12825,80.560479,7701.0,NORMAL
MPLAD-2026-00940,Karnataka,Bengaluru Urban,Bengaluru Urban Constituency 6,Naveen Singh,Renovation of Public Building,Public Facilities,2513000.0,1897224.95,172471.26,Ongoing,2024-10-07,2025-01-02,2025-05-30,Urban Local Body,Bharat Construction Co,12.214053,77.231958,1228.0,UNDER_UTILIZATION
MPLAD-2026-00182,West Bengal,Murshidabad,Murshidabad Constituency 8,Arun Rao,Construction of Additional Classrooms,Education,3044000.0,2888665.36,1618417.38,Completed,2021-03-08,2021-04-27,2021-08-22,State Water Resources Department,National Projects Ltd,22.523658,88.54467,9367.0,NORMAL
MPLAD-2026-00275,Odisha,Puri,Puri Constituency 2,Sunita Das,Village Community Centre,Community Infrastructure,4806000.0,4230008.45,6595197.5,Completed,2021-11-23,2022-01-30,2022-08-17,Urban Local Body,Bharat Construction Co,20.463116,85.552707,3724.0,EXPENDITURE_OVER_SANCTION
MPLAD-2026-00896,Andhra Pradesh,Krishna,Krishna Constituency 3,Amit Kumar,Construction of Community Hall,Community Infrastructure,1815000.0,1548260.3,718682.75,Completed,2023-07-25,2023-09-10,2024-02-08,Urban Local Body,Unity Infrastructure,15.656172,80.651762,4174.0,NORMAL
MPLAD-2026-00070,Tamil Nadu,Coimbatore,Coimbatore Constituency 6,Deepak Gupta,Construction of Indoor Sports Hall,Sports Infrastructure,4237000.0,3449945.56,2975042.98,Completed,2023-09-14,2023-11-05,2024-03-30,District Rural Development Agency,Unity Infrastructure,13.448783,79.716811,2406.0,CONTRACTOR_CONCENTRATION
MPLAD-2026-00292,Uttar Pradesh,Lucknow,Lucknow Constituency 5,Rohit Mehta,Village Sanitation Infrastructure,Sanitation,2195000.0,1853962.04,1379050.03,Completed,2021-06-09,2021-08-29,2021-12-31,Zilla Parishad,Dakshin Projects,17.386318,78.488575,8560.0,GEOGRAPHIC_CLUSTER
MPLAD-2026-00132,Maharashtra,Nagpur,Nagpur Constituency 5,Sunita Das,Village Sanitation Infrastructure,Sanitation,3606000.0,3145336.28,2169972.88,Completed,2024-02-22,2024-04-12,2024-08-23,District Administration,Greenfield Contractors,17.61743,72.416726,14776.0,NORMAL
MPLAD-2026-00301,Tamil Nadu,Madurai,Madurai Constituency 7,Vijay Kumar,Construction of Overhead Water Tank,Drinking Water,2417000.0,2166459.93,1257958.09,Completed,2024-01-03,2024-03-12,2024-10-02,District Administration,Sunrise Engineering,13.423345,79.855726,12469.0,NORMAL
MPLAD-2026-00425,Tamil Nadu,Salem,Salem Constituency 4,Meena Patel,Construction of Primary Health Centre,Healthcare,2619000.0,2281415.95,2042424.9,Completed,2021-10-24,2021-12-05,2022-07-09,Urban Local Body,Krishna Builders,12.795717,80.031751,2334.0,NORMAL
MPLAD-2026-00327,Odisha,Puri,Puri Constituency 5,Manoj Yadav,Construction of Indoor Sports Hall,Sports Infrastructure,2358000.0,2271627.65,1229413.04,Completed,2022-08-17,2022-09-15,2023-04-26,Rural Development Department,Prime Development Works,20.1751,85.326563,11576.0,NORMAL
MPLAD-2026-00145,Maharashtra,Aurangabad,Aurangabad Constituency 3,Sunita Das,Renovation of Government School,Education,2185000.0,2125640.98,1433252.9,Completed,2023-02-13,2023-04-17,2023-07-06,Municipal Corporation,Greenfield Contractors,19.202446,72.597485,10807.0,NORMAL
MPLAD-2026-00424,Andhra Pradesh,Visakhapatnam,Visakhapatnam Constituency 2,Rajesh Sharma,Construction of Community Health Facility,Healthcare,3167000.0,2633338.58,1446692.22,Completed,2024-10-18,2024-12-13,2025-04-10,Zilla Parishad,Unity Infrastructure,16.630126,81.704885,1706.0,NORMAL
MPLAD-2026-00581,Rajasthan,Kota,Kota Constituency 2,Priya Singh,Construction of Primary Health Centre,Healthcare,2105000.0,1670118.34,1087363.52,Completed,2022-10-10,2022-10-26,INVALID_DATE,District Rural Development Agency,Apex Civil Works,25.787667,76.818224,10880.0,INVALID_DATE
MPLAD-2026-00136,Rajasthan,Jodhpur,Jodhpur Constituency 1,Rohit Mehta,Village Electrification Works,Electricity,1338000.0,1254041.57,1111263.1,Completed,2022-08-16,2022-09-04,2022-11-05,District Rural Development Agency,Vardhan Construction,27.560973,75.141162,5589.0,NORMAL
MPLAD-2026-00451,Gujarat,Vadodara,Vadodara Constituency 3,Amit Kumar,Construction of School Laboratory,Education,2179000.0,1898398.74,1177304.4,Completed,2021-11-30,2021-12-28,2022-04-22,Zilla Parishad,Apex Civil Works,17.386931,78.489172,13127.0,GEOGRAPHIC_CLUSTER
MPLAD-2026-00165,Karnataka,Dharwad,Dharwad Constituency 2,Sunita Das,Village Irrigation Infrastructure,Irrigation,4091000.0,3797581.75,1864684.81,Completed,2021-11-12,2022-01-14,2022-08-24,Urban Local Body,Krishna Builders,13.252454,77.877355,6009.0,NORMAL
MPLAD-2026-00029,Uttar Pradesh,Lucknow,Lucknow Constituency 5,Deepak Gupta,Drainage Improvement Works,Sanitation,1968000.0,1819026.54,1322807.45,Delayed,2022-01-28,2022-04-06,2022-11-22,Municipal Corporation,Greenfield Contractors,26.469052,80.807054,10184.0,NORMAL
MPLAD-2026-00774,Odisha,Khordha,Khordha Constituency 4,Manoj Yadav,Village Sanitation Infrastructure,Sanitation,4489490.22,3658184.2,3186881.24,Delayed,2021-12-12,2021-12-30,2022-07-31,Zilla Parishad,Dakshin Projects,19.846827,85.960306,209.0,EXTREME_COST
MPLAD-2026-00194,Uttar Pradesh,Kanpur Nagar,Kanpur Nagar Constituency 3,Naveen Singh,Village Electrification Works,Electricity,4370000.0,3372206.68,1686887.57,Completed,2025-03-22,2025-04-21,2025-11-17,District Administration,Unity Infrastructure,27.00049,81.790477,5252.0,NORMAL
MPLAD-2026-00389,Telangana,Nalgonda,Nalgonda Constituency 8,Arun Rao,Construction of School Laboratory,Education,3956000.0,3564791.39,1831222.65,Delayed,2021-07-30,2021-10-04,2023-05-14,District Rural Development Agency,Greenfield Contractors,17.057788,78.375317,13083.0,MAJOR_DELAY
MPLAD-2026-00853,Telangana,Warangal,Warangal Constituency 8,Rajesh Sharma,Construction of Public Facility,Public Facilities,2642000.0,2047468.04,1524724.75,Completed,2024-05-10,2024-07-26,2024-12-09,District Administration,Vardhan Construction,17.569418,78.378134,14208.0,NORMAL
MPLAD-2026-00170,Uttar Pradesh,Kanpur Nagar,Kanpur Nagar Constituency 8,Vijay Kumar,Renovation of Government School,Education,4859000.0,3998286.64,539839.09,Ongoing,2023-10-03,2023-12-30,2024-04-30,District Administration,Unity Infrastructure,27.032519,80.692524,6080.0,UNDER_UTILIZATION
MPLAD-2026-00706,Telangana,Nalgonda,Nalgonda Constituency 7,Priya Singh,Construction of Additional Classrooms,Education,1360000.0,1326774.0,841758.19,Delayed,2024-01-06,2024-01-21,2024-09-13,State Public Works Department,Sunrise Engineering,17.982687,78.737004,1915.0,NORMAL
MPLAD-2026-00141,Odisha,Puri,Puri Constituency 7,Ramesh Naidu,Sports Infrastructure Improvement,Sports Infrastructure,3908000.0,3714549.11,3204919.49,Completed,2025-04-10,2025-05-26,2026-01-15,District Rural Development Agency,Eastern Infrastructure,20.347183,86.122459,8709.0,NORMAL
MPLAD-2026-00174,Telangana,Nalgonda,Nalgonda Constituency 4,Deepak Gupta,Development of Community Sports Facility,Sports Infrastructure,2506000.0,2124545.56,1776483.63,Completed,2024-04-20,2024-07-08,2024-10-14,State Water Resources Department,Shree Infrastructure Pvt Ltd,16.733362,77.853341,1812.0,NORMAL
MPLAD-2026-00007,Maharashtra,Nagpur,Nagpur Constituency 4,Ramesh Naidu,Construction of Indoor Sports Hall,Sports Infrastructure,3862000.0,3310152.86,2455360.38,Completed,2023-01-12,2023-02-24,2023-05-30,State Public Works Department,Bharat Construction Co,19.184883,72.016724,14208.0,NORMAL
MPLAD-2026-00746,Gujarat,Rajkot,Rajkot Constituency 3,Anil Verma,Construction of CC Road,Roads,660000.0,578754.7,448632.4,Completed,2023-06-03,2023-08-18,2024-01-02,Zilla Parishad,Dakshin Projects,22.774164,73.72259,451.0,NORMAL
MPLAD-2026-00479,Gujarat,Vadodara,Vadodara Constituency 2,Vijay Kumar,Sports Infrastructure Improvement,Sports Infrastructure,2637000.0,2140154.06,1260265.85,Completed,2025-05-26,2025-06-28,2025-11-27,Rural Development Department,Unity Infrastructure,23.176726,72.776939,445.0,NORMAL
MPLAD-2026-00074,Rajasthan,Jaipur,Jaipur Constituency 8,Kavita Joshi,Solar Lighting Installation,Electricity,647000.0,545183.22,366194.96,Delayed,2022-04-29,2022-06-29,2022-09-22,Urban Local Body,Unity Infrastructure,26.355772,75.193095,1092.0,NORMAL
MPLAD-2026-00911,West Bengal,Kolkata,Kolkata Constituency 5,Amit Kumar,Construction of Minor Irrigation Facility,Irrigation,13985545.11,11431995.07,11508089.97,Completed,2021-12-12,2021-12-27,2022-07-10,District Administration,Unity Infrastructure,22.513534,88.398483,5117.0,EXTREME_COST
MPLAD-2026-00814,Rajasthan,Jaipur,Jaipur Constituency 6,Ramesh Naidu,Pipeline Extension for Drinking Water,Drinking Water,4412000.0,3317711.83,2192025.08,Delayed,2022-11-17,2023-01-14,2023-08-27,Urban Local Body,National Projects Ltd,26.711105,76.363757,5118.0,NORMAL
MPLAD-2026-00239,Gujarat,Vadodara,Vadodara Constituency 6,Suresh Reddy,Construction of Community Toilet,Sanitation,1783000.0,1509561.65,802262.13,Completed,2024-03-17,2024-04-28,2024-08-22,Zilla Parishad,Greenfield Contractors,23.281951,72.711463,4508.0,NORMAL
MPLAD-2026-00146,Uttar Pradesh,Lucknow,Lucknow Constituency 3,Deepak Gupta,Electricity Infrastructure Improvement,Electricity,3775000.0,3041413.89,1373918.11,Completed,2021-02-16,2021-04-10,2021-10-05,District Administration,Unity Infrastructure,26.753045,80.72435,,CONTRACTOR_CONCENTRATION
MPLAD-2026-00793,West Bengal,Murshidabad,Murshidabad Constituency 2,Naveen Singh,Rural Drinking Water Facility,Drinking Water,3647000.0,3077781.76,2549767.84,Completed,2021-11-28,2022-02-17,2022-05-19,District Rural Development Agency,Prime Development Works,22.765567,88.675798,739.0,NORMAL
MPLAD-2026-00235,Uttar Pradesh,Lucknow,Lucknow Constituency 6,Rohit Mehta,Waste Management Facility,Sanitation,1762000.0,1538058.26,1227511.1,Completed,2021-07-21,2021-09-03,2021-12-06,State Water Resources Department,Reliable Infra Solutions,26.607974,80.687082,12781.0,NORMAL
MPLAD-2026-00221,Maharashtra,Nashik,Nashik Constituency 3,Suresh Reddy,Village Electrification Works,Electricity,3421000.0,2714736.83,2536572.58,Completed,2024-11-21,2025-01-20,2025-05-17,Municipal Corporation,Unity Infrastructure,19.248829,72.862987,6299.0,CONTRACTOR_CONCENTRATION
MPLAD-2026-00924,Gujarat,Vadodara,Vadodara Constituency 5,Rohit Mehta,Village Irrigation Infrastructure,Irrigation,988000.0,770491.97,663731.63,Completed,2022-02-18,2022-03-16,2022-10-04,Municipal Corporation,Apex Civil Works,23.592069,72.181621,8590.0,NORMAL
MPLAD-2026-00501,Karnataka,Dharwad,Dharwad Constituency 2,Anil Verma,Public Infrastructure Improvement,Public Facilities,856000.0,813530.56,488278.3,Completed,2021-09-19,2021-11-11,2022-03-14,State Public Works Department,Sunrise Engineering,13.60131,78.010685,9127.0,NORMAL
MPLAD-2026-00133,Rajasthan,Udaipur,Udaipur Constituency 3,Anil Verma,Construction of Internal Roads,Roads,4799000.0,3694065.57,3369005.59,Completed,2024-09-05,2024-10-22,2025-04-22,Rural Development Department,Eastern Infrastructure,26.798744,75.225798,9308.0,NORMAL
MPLAD-2026-DUP-0010,Tamil Nadu,Madurai,Madurai Constituency 7,Vijay Kumar,Construction of Overhead Water Tank - Phase II,Drinking Water,2481376.71,2169329.6,1137374.75,Completed,2024-01-03,2024-03-12,2024-10-02,District Administration,Sunrise Engineering,13.423345,79.855726,12469.0,SIMILAR_DUPLICATE
MPLAD-2026-00775,West Bengal,Kolkata,Kolkata Constituency 6,Priya Singh,Drainage Improvement Works,Sanitation,3794000.0,3339567.86,2890459.13,Delayed,2022-08-28,2022-09-26,2023-05-24,State Water Resources Department,Bharat Construction Co,22.917336,88.91602,14663.0,NORMAL
MPLAD-2026-00186,Gujarat,Ahmedabad,Ahmedabad Constituency 3,Sunita Das,Installation of Street Lighting,Electricity,4966000.0,4800939.58,5764878.05,Completed,2021-09-29,2021-11-14,2022-02-19,Zilla Parishad,Eastern Infrastructure,23.03353,72.795499,12575.0,EXPENDITURE_OVER_SANCTION
MPLAD-2026-00042,Maharashtra,Pune,Pune Constituency 1,Vijay Kumar,Sports Infrastructure Improvement,Sports Infrastructure,3477000.0,2667690.64,2064183.33,Completed,2021-01-26,2021-04-04,2021-10-06,State Water Resources Department,Unity Infrastructure,19.741052,72.644478,11688.0,CONTRACTOR_CONCENTRATION
MPLAD-2026-00697,Maharashtra,Aurangabad,Aurangabad Constituency 4,Rajesh Sharma,Construction of Public Utility Building,Community Infrastructure,2602000.0,2477762.13,1655221.9,Completed,2023-03-31,2023-05-09,2023-09-10,Rural Development Department,Greenfield Contractors,19.982024,72.939141,6536.0,NORMAL
MPLAD-2026-00109,Uttar Pradesh,Lucknow,Lucknow Constituency 6,Anil Verma,Pipeline Extension for Drinking Water,Drinking Water,2466000.0,2096113.42,1404119.97,Completed,2023-03-03,2023-04-30,2023-08-15,Urban Local Body,Prime Development Works,26.498929,80.839632,13162.0,NORMAL
MPLAD-2026-00589,Karnataka,Dharwad,Dharwad Constituency 1,Sunita Das,Village Electrification Works,Electricity,4343000.0,4081180.42,3717001.38,Completed,2024-05-03,2024-07-25,2024-11-01,Rural Development Department,National Projects Ltd,12.209769,77.550347,6333.0,NORMAL
MPLAD-2026-00057,Rajasthan,Jaipur,Jaipur Constituency 8,Meena Patel,Improvement of Village Road,Roads,2833000.0,2565730.44,1794078.16,Completed,2023-06-25,2023-07-16,2023-11-05,Rural Development Department,National Projects Ltd,26.939504,76.895759,7278.0,NORMAL
MPLAD-2026-00406,Karnataka,Belagavi,Belagavi Constituency 1,Manoj Yadav,Construction of CC Road,Roads,554000.0,429031.28,215353.81,Completed,2023-07-03,2023-08-31,2023-12-25,Zilla Parishad,Unity Infrastructure,12.887508,77.396721,657.0,CONTRACTOR_CONCENTRATION
MPLAD-2026-00443,Telangana,Karimnagar,Karimnagar Constituency 4,Arun Rao,Construction of Community Hall,Community Infrastructure,4588000.0,3855141.4,2019989.89,Completed,2023-05-26,2023-07-27,2024-01-01,Urban Local Body,Sunrise Engineering,17.691851,79.317718,5856.0,NORMAL
MPLAD-2026-00758,Maharashtra,Nagpur,Nagpur Constituency 8,Arun Rao,Road Widening and Improvement,Roads,540000.0,409995.51,258035.52,Completed,2024-07-30,2024-10-24,2025-02-16,District Rural Development Agency,Vardhan Construction,19.038794,72.822914,4629.0,NORMAL
MPLAD-2026-DUP-0003,Karnataka,Mysuru,Mysuru Constituency 6,Vijay Kumar,Construction of Citizen Service Centre - Phase II,Public Facilities,4308697.83,3459734.39,3213517.66,Completed,2022-01-10,2022-02-08,2022-07-20,Rural Development Department,Prime Development Works,12.864073,77.186196,13792.0,SIMILAR_DUPLICATE
MPLAD-2026-00025,Rajasthan,Jaipur,Jaipur Constituency 3,Ramesh Naidu,Community Infrastructure Development,Community Infrastructure,4110000.0,3970325.79,3396116.07,Delayed,2022-07-01,2022-08-05,2023-12-04,State Public Works Department,Unity Infrastructure,27.067028,74.993932,14167.0,MAJOR_DELAY
MPLAD-2026-00468,Telangana,Hyderabad,Hyderabad Constituency 5,Rajesh Sharma,Village Community Centre,Community Infrastructure,589000.0,489770.7,333266.77,Delayed,2023-05-16,2023-08-11,2024-02-18,State Public Works Department,Sunrise Engineering,17.583007,78.260776,11502.0,NORMAL
MPLAD-2026-00540,Andhra Pradesh,Krishna,Krishna Constituency 7,Deepak Gupta,Public Infrastructure Improvement,Public Facilities,2922000.0,2766626.47,2142886.76,Delayed,2021-06-08,2021-08-30,2021-11-05,State Water Resources Department,Eastern Infrastructure,17.175342,80.9826,11114.0,NORMAL
MPLAD-2026-00532,Gujarat,Vadodara,Vadodara Constituency 7,Kavita Joshi,Road Widening and Improvement,Roads,4379000.0,3309717.44,2212574.94,Completed,2023-04-30,2023-05-18,2023-11-29,District Rural Development Agency,Sunrise Engineering,23.539445,71.788529,1978.0,NORMAL
MPLAD-2026-00619,Gujarat,Rajkot,Rajkot Constituency 3,Kavita Joshi,Construction of Citizen Service Centre,Public Facilities,2852000.0,2842031.92,1779278.42,Completed,2024-01-08,2024-03-28,2024-07-19,State Public Works Department,Greenfield Contractors,23.777465,72.322285,3984.0,NORMAL
MPLAD-2026-00695,Karnataka,Mysuru,Mysuru Constituency 5,Amit Kumar,Construction of Additional Classrooms,Education,1027000.0,858266.58,535036.4,Completed,2024-06-11,2024-09-03,2024-11-03,Rural Development Department,Reliable Infra Solutions,12.986002,77.255562,2092.0,NORMAL
MPLAD-2026-00927,West Bengal,Howrah,Howrah Constituency 1,Meena Patel,Electricity Infrastructure Improvement,Electricity,4761000.0,4172533.97,2347541.88,Completed,2024-07-08,2024-08-16,2025-01-08,State Public Works Department,Prime Development Works,22.035463,88.777519,14375.0,NORMAL
MPLAD-2026-00339,Andhra Pradesh,Krishna,Krishna Constituency 2,Arun Rao,Construction of Primary Health Centre,Healthcare,643000.0,585411.58,377180.34,Completed,2023-10-01,2023-12-22,2024-07-28,State Public Works Department,Sunrise Engineering,17.385531,78.485534,6102.0,GEOGRAPHIC_CLUSTER
MPLAD-2026-00052,Andhra Pradesh,Krishna,Krishna Constituency 5,Ramesh Naidu,Drainage Improvement Works,Sanitation,820000.0,662851.88,385963.61,Completed,2025-06-09,2025-09-07,2026-04-24,District Administration,Apex Civil Works,16.345778,80.238975,1980.0,NORMAL
MPLAD-2026-00508,Uttar Pradesh,Lucknow,Lucknow Constituency 2,Manoj Yadav,Village Electrification Works,Electricity,4319000.0,4035110.31,3017938.8,Completed,2024-02-10,2024-04-02,2024-06-10,State Water Resources Department,Prime Development Works,27.627884,81.03526,3899.0,NORMAL
MPLAD-2026-00517,Gujarat,Rajkot,Rajkot Constituency 4,Suresh Reddy,Village Electrification Works,Electricity,4631000.0,4512985.05,4178664.34,Completed,2023-11-24,2024-01-24,2024-03-31,State Public Works Department,Metro Civil Contractors,23.20215,72.862638,11857.0,NORMAL
MPLAD-2026-00921,Rajasthan,Jaipur,Jaipur Constituency 3,Suresh Reddy,Canal Improvement Works,Irrigation,3298000.0,2686373.78,2447525.31,Delayed,2024-10-25,2025-01-21,2026-06-22,Rural Development Department,Dakshin Projects,26.854558,74.940468,6804.0,MAJOR_DELAY
MPLAD-2026-00782,West Bengal,Murshidabad,Murshidabad Constituency 4,Amit Kumar,Waste Management Facility,Sanitation,2784000.0,2707308.19,2277966.87,Completed,2021-05-05,2021-07-30,2021-12-19,District Administration,Unity Infrastructure,17.385953,78.487711,6512.0,GEOGRAPHIC_CLUSTER
MPLAD-2026-00265,Karnataka,Dharwad,Dharwad Constituency 3,Rohit Mehta,Installation of Street Lighting,Electricity,1644000.0,1313523.72,670386.92,Completed,2023-03-16,2023-04-27,2023-10-21,Urban Local Body,Apex Civil Works,13.088475,77.187658,1865.0,NORMAL
MPLAD-2026-00818,Uttar Pradesh,Varanasi,Varanasi Constituency 7,Suresh Reddy,Construction of Public Facility,Public Facilities,3464000.0,2771552.06,1485646.74,Completed,2022-09-22,2022-10-17,2023-02-01,District Administration,Unity Infrastructure,26.696051,80.764558,1577.0,CONTRACTOR_CONCENTRATION
MPLAD-2026-00711,Rajasthan,Jodhpur,Jodhpur Constituency 2,Anil Verma,Electricity Infrastructure Improvement,Electricity,3588000.0,3544490.65,2618035.73,Delayed,2021-07-29,2021-08-31,2022-02-25,District Rural Development Agency,Reliable Infra Solutions,27.154633,76.269928,4041.0,NORMAL
MPLAD-2026-00683,Karnataka,Dharwad,Dharwad Constituency 2,Amit Kumar,Renovation of Health Sub Centre,Healthcare,2391000.0,2119673.04,1129892.8,Completed,2023-02-13,2023-03-27,2023-08-23,State Public Works Department,Apex Civil Works,17.384949,78.483162,6166.0,GEOGRAPHIC_CLUSTER
MPLAD-2026-00833,Rajasthan,Udaipur,Udaipur Constituency 7,Arun Rao,Construction of Sports Ground,Sports Infrastructure,2043000.0,1695507.56,1460364.99,Completed,2021-11-07,2022-01-20,2022-07-26,Municipal Corporation,Reliable Infra Solutions,27.496048,75.777009,11126.0,NORMAL
MPLAD-2026-00519,Gujarat,Vadodara,Vadodara Constituency 7,Meena Patel,Construction of Indoor Sports Hall,Sports Infrastructure,3747000.0,3104104.01,1930996.93,Delayed,2022-07-27,2022-10-17,2023-05-21,District Administration,Unity Infrastructure,17.38665,78.484966,7410.0,CONTRACTOR_CONCENTRATION
MPLAD-2026-00448,Maharashtra,Aurangabad,Aurangabad Constituency 2,Kavita Joshi,Community Infrastructure Development,Community Infrastructure,3045000.0,2944778.33,4282867.45,Completed,2023-09-02,2023-10-02,2024-03-05,State Public Works Department,Vardhan Construction,19.697972,73.169619,13949.0,EXPENDITURE_OVER_SANCTION
MPLAD-2026-00019,Odisha,Puri,Puri Constituency 5,Priya Singh,Village Community Centre,Community Infrastructure,1695000.0,1326709.67,1025215.42,Completed,2023-07-26,2023-09-19,2023-12-06,District Rural Development Agency,Vardhan Construction,20.390089,84.942648,1300.0,NORMAL
MPLAD-2026-00716,Andhra Pradesh,Guntur,Guntur Constituency 3,Deepak Gupta,Water Conservation Structure,Irrigation,3826000.0,3684977.41,2925754.0,Completed,2021-12-15,2022-02-08,2022-09-30,Urban Local Body,National Projects Ltd,16.638333,80.967082,14843.0,NORMAL
MPLAD-2026-00484,Odisha,Ganjam,Ganjam Constituency 6,Arun Rao,Renovation of Public Building,Public Facilities,1673000.0,1542283.02,1331582.95,Completed,2025-06-26,2025-08-16,2025-12-04,Municipal Corporation,Unity Infrastructure,19.991723,86.634923,6547.0,NORMAL
MPLAD-2026-00569,Tamil Nadu,Salem,Salem Constituency 2,Deepak Gupta,Electricity Infrastructure Improvement,Electricity,2636000.0,2193706.46,2042272.87,Completed,2024-08-01,2024-09-23,2024-12-15,Municipal Corporation,Greenfield Contractors,13.617962,79.718276,625.0,NORMAL
MPLAD-2026-00434,Uttar Pradesh,Agra,Agra Constituency 7,Anil Verma,Construction of CC Road,Roads,2178000.0,1879837.6,1317249.29,Completed,2021-09-09,2021-11-23,2022-06-07,Rural Development Department,Saksham Projects,26.975339,81.096706,7505.0,NORMAL
MPLAD-2026-00368,Karnataka,Bengaluru Urban,Bengaluru Urban Constituency 2,Rajesh Sharma,Construction of Citizen Service Centre,Public Facilities,884000.0,819308.69,666455.94,Completed,2023-11-14,2023-12-19,2024-05-23,Municipal Corporation,Shree Infrastructure Pvt Ltd,13.43472,77.807269,5591.0,NORMAL
MPLAD-2026-00084,Rajasthan,Jaipur,Jaipur Constituency 5,Amit Kumar,Construction of School Laboratory,Education,3662000.0,3029375.48,1877947.21,Completed,2021-01-13,2021-02-20,2021-05-27,District Rural Development Agency,Krishna Builders,27.282327,76.640857,2424.0,NORMAL
MPLAD-2026-00062,Uttar Pradesh,Varanasi,Varanasi Constituency 7,Meena Patel,Renovation of Government School,Education,4842000.0,3784321.11,3529548.48,Completed,2022-11-11,2022-12-08,2023-05-29,State Water Resources Department,Unity Infrastructure,27.477957,80.315367,351.0,CONTRACTOR_CONCENTRATION
MPLAD-2026-00639,Karnataka,Dharwad,Dharwad Constituency 1,Kavita Joshi,Construction of Primary Health Centre,Healthcare,4390000.0,3709937.03,2643276.68,Completed,2024-12-04,2025-01-17,2025-05-13,State Public Works Department,Prime Development Works,14.015298,77.771593,8453.0,NORMAL
MPLAD-2026-00273,Tamil Nadu,Madurai,Madurai Constituency 4,Sunita Das,Healthcare Facility Improvement,Healthcare,2520000.0,2509575.59,1222751.8,Completed,2021-12-22,2022-03-12,2022-06-10,Rural Development Department,Krishna Builders,11.97046,79.912097,9219.0,NORMAL
MPLAD-2026-00286,West Bengal,Murshidabad,Murshidabad Constituency 6,Kavita Joshi,Village Sanitation Infrastructure,Sanitation,3045000.0,2561220.63,1557648.79,Completed,2023-05-28,2023-07-03,2023-09-02,Zilla Parishad,Metro Civil Contractors,22.580888,89.118297,11768.0,NORMAL
MPLAD-2026-00361,Maharashtra,Nagpur,Nagpur Constituency 4,Rajesh Sharma,School Building Improvement,Education,618000.0,615830.14,467090.69,Completed,2024-05-25,2024-08-20,2025-03-24,Zilla Parishad,Unity Infrastructure,19.214511,72.108124,11361.0,CONTRACTOR_CONCENTRATION
MPLAD-2026-00355,West Bengal,Kolkata,Kolkata Constituency 2,Meena Patel,Waste Management Facility,Sanitation,4389000.0,3312683.69,2927435.87,Delayed,2024-08-22,2024-10-25,2025-02-21,District Rural Development Agency,Saksham Projects,21.635732,89.127305,14909.0,NORMAL
MPLAD-2026-00457,West Bengal,Darjeeling,Darjeeling Constituency 3,Arun Rao,Construction of Overhead Water Tank,Drinking Water,4256000.0,4236104.4,2804495.65,Delayed,2023-11-20,2024-01-03,2025-03-25,District Rural Development Agency,Unity Infrastructure,22.684823,89.073754,7733.0,MAJOR_DELAY
MPLAD-2026-00279,Tamil Nadu,Salem,Salem Constituency 2,Priya Singh,Sports Infrastructure Improvement,Sports Infrastructure,3410000.0,3358637.82,2765654.91,Completed,2021-11-11,2021-11-29,2022-05-25,District Rural Development Agency,Shree Infrastructure Pvt Ltd,12.863277,80.076049,1300.0,NORMAL
MPLAD-2026-00013,Telangana,Hyderabad,Hyderabad Constituency 6,Rajesh Sharma,Development of Community Sports Facility,Sports Infrastructure,1753000.0,1527482.9,1099202.61,Completed,2025-01-21,2025-04-19,2025-11-12,State Water Resources Department,Metro Civil Contractors,,78.536615,13330.0,DATA_QUALITY
MPLAD-2026-00183,West Bengal,Kolkata,Kolkata Constituency 2,Anil Verma,Construction of Indoor Sports Hall,Sports Infrastructure,2939000.0,2760298.69,2291053.61,Delayed,2023-06-23,2023-09-15,2024-01-08,Zilla Parishad,Bharat Construction Co,22.883165,88.183351,4977.0,NORMAL
MPLAD-2026-00369,Odisha,Cuttack,Cuttack Constituency 3,Rohit Mehta,School Building Improvement,Education,3961000.0,3021560.21,1825116.35,Delayed,2025-02-04,2025-04-17,2027-06-15,Municipal Corporation,Bharat Construction Co,20.411313,86.266711,3423.0,MAJOR_DELAY
MPLAD-2026-00882,Karnataka,Bengaluru Urban,Bengaluru Urban Constituency 4,Suresh Reddy,Solar Lighting Installation,Electricity,553000.0,481217.33,27021.03,Ongoing,2022-01-20,2022-04-18,2022-09-28,State Water Resources Department,Apex Civil Works,13.005545,76.873715,10279.0,UNDER_UTILIZATION
MPLAD-2026-00616,Odisha,Cuttack,Cuttack Constituency 2,Vijay Kumar,Construction of Overhead Water Tank,Drinking Water,2324000.0,2150131.05,1390916.06,Completed,2024-01-04,2024-03-26,2024-09-27,District Rural Development Agency,Eastern Infrastructure,20.045229,85.208089,12445.0,NORMAL
MPLAD-2026-00224,Telangana,Nalgonda,Nalgonda Constituency 5,Sunita Das,Installation of Drinking Water Supply System,Drinking Water,717000.0,616300.96,406651.78,Delayed,2021-12-07,2022-02-12,2022-08-17,District Administration,Unity Infrastructure,17.549969,78.063754,1761.0,CONTRACTOR_CONCENTRATION
MPLAD-2026-00573,West Bengal,Kolkata,Kolkata Constituency 2,Anil Verma,Construction of Citizen Service Centre,Public Facilities,3651000.0,3387806.65,2028362.38,Completed,2024-06-09,2024-07-16,2024-12-29,District Administration,Dakshin Projects,22.494718,88.370911,7601.0,NORMAL
MPLAD-2026-00971,Tamil Nadu,Coimbatore,Coimbatore Constituency 1,Naveen Singh,Village Irrigation Infrastructure,Irrigation,1695000.0,1429859.87,921129.87,Completed,2022-02-17,2022-04-05,2022-08-28,Rural Development Department,Dakshin Projects,13.221323,80.094458,6532.0,NORMAL
MPLAD-2026-00654,Andhra Pradesh,Guntur,Guntur Constituency 6,Rohit Mehta,Construction of Overhead Water Tank,Drinking Water,1127000.0,1059287.52,949328.33,Completed,2021-12-01,2022-01-24,2022-06-17,State Public Works Department,Unity Infrastructure,16.512682,80.595896,9005.0,CONTRACTOR_CONCENTRATION
MPLAD-2026-00546,Tamil Nadu,Chennai,Chennai Constituency 5,Naveen Singh,Village Electrification Works,Electricity,1923000.0,1630636.16,1006677.97,Delayed,2024-03-17,2024-04-04,2024-07-30,District Rural Development Agency,Krishna Builders,13.050479,80.25395,4195.0,NORMAL
MPLAD-2026-00583,Rajasthan,Jodhpur,Jodhpur Constituency 6,Suresh Reddy,Community Infrastructure Development,Community Infrastructure,804000.0,,549563.27,Completed,2023-07-09,2023-09-10,2024-03-18,State Public Works Department,Apex Civil Works,27.372557,76.885189,3911.0,DATA_QUALITY
MPLAD-2026-00634,Karnataka,Belagavi,Belagavi Constituency 7,Amit Kumar,Village Community Centre,Community Infrastructure,998000.0,819582.49,423593.15,Completed,2023-05-13,2023-07-09,2023-09-15,State Water Resources Department,Apex Civil Works,12.921548,77.187842,10999.0,NORMAL
MPLAD-2026-00177,Rajasthan,Kota,Kota Constituency 4,Sunita Das,Electricity Infrastructure Improvement,Electricity,1339000.0,1224283.82,793080.27,Completed,2025-02-19,2025-03-31,2025-09-22,State Public Works Department,Krishna Builders,27.298347,75.715328,11646.0,NORMAL
MPLAD-2026-00666,West Bengal,Darjeeling,Darjeeling Constituency 5,Ramesh Naidu,Construction of Community Health Facility,Healthcare,4692000.0,3837853.78,1903453.67,Completed,2023-02-13,2023-03-16,2023-07-08,Zilla Parishad,Shree Infrastructure Pvt Ltd,23.261438,88.912343,6527.0,NORMAL
MPLAD-2026-00674,Karnataka,Dharwad,Dharwad Constituency 5,Arun Rao,Drainage Improvement Works,Sanitation,3426000.0,2689793.06,1377128.62,Completed,2024-03-10,2024-05-26,2024-08-04,District Administration,Sunrise Engineering,11.822335,78.015044,6801.0,NORMAL
MPLAD-2026-00586,Tamil Nadu,Coimbatore,Coimbatore Constituency 1,Naveen Singh,Renovation of Health Sub Centre,Healthcare,3236000.0,2735622.11,1670968.58,Delayed,2023-06-25,2023-07-10,2025-02-15,Zilla Parishad,Bharat Construction Co,13.424218,80.397236,953.0,MAJOR_DELAY
MPLAD-2026-00874,Maharashtra,Nagpur,Nagpur Constituency 2,Manoj Yadav,Village Electrification Works,Electricity,571000.0,565894.47,461099.05,Completed,2022-10-25,2022-11-14,2023-02-18,State Public Works Department,National Projects Ltd,19.514839,73.103192,2196.0,NORMAL
MPLAD-2026-00394,Karnataka,Belagavi,Belagavi Constituency 1,Vijay Kumar,Construction of Sports Ground,Sports Infrastructure,504000.0,448563.81,421357.57,Completed,2021-08-13,2021-10-03,2021-12-09,District Administration,,13.346865,77.801231,10343.0,DATA_QUALITY
MPLAD-2026-00164,Rajasthan,Jodhpur,Jodhpur Constituency 2,Vijay Kumar,Water Conservation Structure,Irrigation,4860000.0,4041547.63,3100115.48,Completed,2025-05-24,2025-08-04,2026-02-05,District Administration,Saksham Projects,27.43355,76.143548,7175.0,NORMAL
MPLAD-2026-00249,Uttar Pradesh,Kanpur Nagar,Kanpur Nagar Constituency 1,Manoj Yadav,Improvement of Village Road,Roads,1518000.0,1471315.86,891685.28,Completed,2021-07-30,2021-10-02,2022-04-08,District Rural Development Agency,National Projects Ltd,26.379939,80.860548,13597.0,NORMAL
MPLAD-2026-00635,Maharashtra,Pune,Pune Constituency 7,Arun Rao,Sports Infrastructure Improvement,Sports Infrastructure,4099000.0,3806250.4,2331114.65,Completed,2025-04-15,2025-06-20,2025-12-25,District Administration,Reliable Infra Solutions,18.745012,73.433942,2253.0,NORMAL
MPLAD-2026-00886,Uttar Pradesh,Kanpur Nagar,Kanpur Nagar Constituency 1,Sunita Das,Construction of Indoor Sports Hall,Sports Infrastructure,2928000.0,2703784.56,2564776.03,Completed,2021-12-08,2022-02-08,2022-05-19,Zilla Parishad,Unity Infrastructure,26.866321,81.708973,13915.0,CONTRACTOR_CONCENTRATION
MPLAD-2026-00670,Uttar Pradesh,Kanpur Nagar,Kanpur Nagar Constituency 2,Vijay Kumar,Installation of Street Lighting,Electricity,2760000.0,2604791.53,1203003.84,Completed,2025-06-19,2025-08-21,2026-02-19,State Public Works Department,Unity Infrastructure,26.67202,81.022887,4853.0,CONTRACTOR_CONCENTRATION
MPLAD-2026-00376,Maharashtra,Nagpur,Nagpur Constituency 1,Rajesh Sharma,Road Widening and Improvement,Roads,3315000.0,2583980.94,2258489.51,Completed,2025-06-26,2025-09-02,2026-02-14,Zilla Parishad,Unity Infrastructure,18.660545,72.269442,285.0,NORMAL
MPLAD-2026-00413,Gujarat,Vadodara,Vadodara Constituency 2,Rohit Mehta,Construction of Citizen Service Centre,Public Facilities,3415000.0,2712037.88,1273750.87,Completed,2023-02-26,2023-04-06,2023-08-20,District Rural Development Agency,Dakshin Projects,22.822024,73.225423,10432.0,NORMAL
MPLAD-2026-00075,Rajasthan,Udaipur,Udaipur Constituency 4,Rajesh Sharma,Construction of Public Facility,Public Facilities,3482000.0,3170103.74,2373054.0,Completed,2021-02-13,2021-03-06,2021-07-29,Zilla Parishad,National Projects Ltd,27.147274,75.920943,1224.0,NORMAL
MPLAD-2026-00114,Telangana,Nalgonda,Nalgonda Constituency 5,Ramesh Naidu,Renovation of Public Building,Public Facilities,4984000.0,4093828.79,3718176.83,Completed,2023-10-03,2023-11-12,2024-02-11,State Water Resources Department,Bharat Construction Co,17.413926,78.001715,2928.0,NORMAL
MPLAD-2026-00599,Odisha,Puri,Puri Constituency 8,Arun Rao,Community Infrastructure Development,Community Infrastructure,2014000.0,1853816.51,1152218.75,Completed,2022-10-08,2022-11-22,2023-04-23,State Public Works Department,Krishna Builders,20.287263,86.07312,5933.0,NORMAL
MPLAD-2026-00962,Karnataka,Belagavi,Belagavi Constituency 6,Arun Rao,Village Community Centre,Community Infrastructure,4209000.0,3836336.8,3563430.73,Completed,2024-05-08,2024-06-07,2024-10-20,Zilla Parishad,Reliable Infra Solutions,12.488866,77.702261,8677.0,NORMAL
MPLAD-2026-00391,Rajasthan,Udaipur,Udaipur Constituency 4,Suresh Reddy,Rural Drinking Water Facility,Drinking Water,1014000.0,911605.14,558530.48,Delayed,2021-07-19,2021-09-28,2023-02-27,District Rural Development Agency,Krishna Builders,26.992365,75.186395,9901.0,MAJOR_DELAY
MPLAD-2026-00105,Telangana,Karimnagar,Karimnagar Constituency 1,Manoj Yadav,Development of Community Sports Facility,Sports Infrastructure,3733000.0,3071579.58,1384613.3,Completed,2022-12-24,2023-02-07,2023-09-01,District Rural Development Agency,Greenfield Contractors,17.616771,80.220429,8676.0,NORMAL
MPLAD-2026-00115,West Bengal,Kolkata,Kolkata Constituency 6,Manoj Yadav,Construction of Community Hall,Community Infrastructure,2975000.0,2447206.95,1468271.16,Completed,2021-11-19,2021-12-26,2022-05-27,Zilla Parishad,Bharat Construction Co,22.250713,88.669719,13077.0,NORMAL
MPLAD-2026-00418,Tamil Nadu,Salem,Salem Constituency 6,Sunita Das,Solar Lighting Installation,Electricity,1044000.0,961547.07,695143.14,Completed,2022-10-21,2022-12-02,2023-02-11,District Rural Development Agency,Unity Infrastructure,13.067092,80.376097,2078.0,NORMAL
MPLAD-2026-00526,Tamil Nadu,Salem,Salem Constituency 8,Amit Kumar,Construction of School Laboratory,Education,4648000.0,3624006.16,3175205.25,Completed,2021-08-14,2021-09-13,2022-02-14,Municipal Corporation,Shree Infrastructure Pvt Ltd,12.801197,80.448812,2029.0,NORMAL
MPLAD-2026-00458,Telangana,Warangal,Warangal Constituency 8,Sunita Das,Construction of Public Utility Building,Community Infrastructure,3007000.0,2285777.49,1403599.28,Completed,2021-08-25,2021-10-28,2022-03-09,Rural Development Department,Reliable Infra Solutions,17.342117,78.61226,11356.0,NORMAL
MPLAD-2026-00410,Karnataka,Dharwad,Dharwad Constituency 4,Kavita Joshi,Rural Drinking Water Facility,Drinking Water,3719000.0,2885281.2,1403573.18,Completed,2024-03-16,2024-05-02,INVALID_DATE,Municipal Corporation,Prime Development Works,13.008628,78.074066,10796.0,INVALID_DATE
MPLAD-2026-00093,West Bengal,Murshidabad,Murshidabad Constituency 1,Amit Kumar,Construction of Public Utility Building,Community Infrastructure,845000.0,816322.82,716443.02,Completed,2024-06-13,2024-08-31,2025-02-05,State Public Works Department,Saksham Projects,22.472042,88.6852,7468.0,NORMAL
MPLAD-2026-00931,West Bengal,Murshidabad,Murshidabad Constituency 3,Arun Rao,Construction of Indoor Sports Hall,Sports Infrastructure,1507000.0,1238325.83,1009841.42,Completed,2023-03-07,2023-04-23,2023-08-02,District Administration,Shree Infrastructure Pvt Ltd,22.512161,88.728764,13296.0,NORMAL
MPLAD-2026-00090,Telangana,Warangal,Warangal Constituency 7,Kavita Joshi,Installation of Street Lighting,Electricity,2281000.0,1887684.07,1169904.74,Completed,2022-11-14,2022-12-20,2023-03-09,Zilla Parishad,Bharat Construction Co,17.265904,79.710776,14942.0,NORMAL
MPLAD-2026-00337,Uttar Pradesh,Varanasi,Varanasi Constituency 1,Sunita Das,Sports Infrastructure Improvement,Sports Infrastructure,3801000.0,3689756.49,2803725.31,Completed,2023-01-16,2023-03-02,2023-07-22,District Administration,Greenfield Contractors,26.692491,80.779052,-422.0,INVALID_NUMERICAL_DATA
MPLAD-2026-DUP-0012,Karnataka,Mysuru,Mysuru Constituency 2,Ramesh Naidu,Rural Drinking Water Facility - Phase II,Drinking Water,1690056.97,1544601.7,851987.95,Completed,2022-05-29,2022-07-06,2023-02-19,State Water Resources Department,Reliable Infra Solutions,13.697125,78.186312,11050.0,SIMILAR_DUPLICATE
MPLAD-2026-00922,Andhra Pradesh,Visakhapatnam,Visakhapatnam Constituency 7,Meena Patel,Village Sanitation Infrastructure,Sanitation,4175000.0,3640825.96,2730855.44,Completed,2024-07-07,2024-09-10,2024-11-19,Municipal Corporation,Prime Development Works,16.253074,80.64178,10961.0,NORMAL
MPLAD-2026-00934,West Bengal,Murshidabad,Murshidabad Constituency 6,Manoj Yadav,Village Sanitation Infrastructure,Sanitation,2268000.0,1967621.8,1419470.61,Completed,2023-07-16,2023-09-07,2024-04-13,Zilla Parishad,Apex Civil Works,23.037246,88.870917,5632.0,NORMAL
MPLAD-2026-00606,Maharashtra,Pune,Pune Constituency 2,Rajesh Sharma,Village Community Centre,Community Infrastructure,3851000.0,3000031.27,1901625.36,Completed,2022-10-04,2022-12-06,2023-07-01,State Public Works Department,Sunrise Engineering,18.516262,72.565893,-238.0,INVALID_NUMERICAL_DATA
MPLAD-2026-00594,Odisha,Khordha,Khordha Constituency 4,Naveen Singh,Electricity Infrastructure Improvement,Electricity,4234000.0,3443164.2,270222.13,Ongoing,2023-12-28,2024-02-29,2024-09-26,District Rural Development Agency,Krishna Builders,19.853981,85.723415,1890.0,UNDER_UTILIZATION
MPLAD-2026-00612,Karnataka,Mysuru,Mysuru Constituency 4,Sunita Das,Construction of Primary Health Centre,Healthcare,2130000.0,2053395.24,1028697.46,Delayed,2025-05-28,2025-06-30,2025-12-03,Municipal Corporation,Krishna Builders,13.2568,77.78081,1022.0,NORMAL
MPLAD-2026-00095,West Bengal,Murshidabad,Murshidabad Constituency 3,Vijay Kumar,Construction of Public Utility Building,Community Infrastructure,2243000.0,2116531.13,1670893.09,Completed,2021-04-18,2021-06-14,2021-08-29,District Administration,Saksham Projects,22.191543,87.682219,4755.0,NORMAL
MPLAD-2026-00012,Uttar Pradesh,Varanasi,Varanasi Constituency 8,Rajesh Sharma,Renovation of Health Sub Centre,Healthcare,788000.0,595143.75,432646.15,Completed,2024-04-20,2024-06-02,2024-08-02,State Public Works Department,Unity Infrastructure,26.877088,80.305063,3850.0,CONTRACTOR_CONCENTRATION
MPLAD-2026-00397,Gujarat,Rajkot,Rajkot Constituency 8,Meena Patel,Village Community Centre,Community Infrastructure,1336000.0,1203927.47,1705573.59,Completed,2025-02-05,2025-03-22,2025-09-26,Urban Local Body,Dakshin Projects,23.14471,71.996863,648.0,EXPENDITURE_OVER_SANCTION
MPLAD-2026-00534,Andhra Pradesh,Nellore,Nellore Constituency 7,Rajesh Sharma,Village Community Centre,Community Infrastructure,9952718.2,7842674.36,8176107.39,Completed,2021-09-05,2021-09-26,2022-01-15,Zilla Parishad,Unity Infrastructure,15.917393,81.122372,8176.0,EXTREME_COST
MPLAD-2026-00044,Telangana,Nalgonda,Nalgonda Constituency 8,Priya Singh,Public Infrastructure Improvement,Public Facilities,2014000.0,1759383.32,1077634.75,Completed,2023-09-26,2023-11-07,2024-04-05,Rural Development Department,Unity Infrastructure,17.796931,78.634638,14523.0,NORMAL
MPLAD-2026-00043,Karnataka,Dharwad,Dharwad Constituency 3,Ramesh Naidu,Construction of Indoor Sports Hall,Sports Infrastructure,3272000.0,3206247.24,4158863.55,Completed,2023-08-11,2023-10-20,2024-05-18,Zilla Parishad,Eastern Infrastructure,12.607778,,13710.0,EXPENDITURE_OVER_SANCTION
MPLAD-2026-00330,Karnataka,Bengaluru Urban,Bengaluru Urban Constituency 5,Sunita Das,Installation of Street Lighting,Electricity,2944000.0,2341660.35,2102458.55,Completed,2022-05-28,2022-07-30,2022-10-01,Zilla Parishad,Metro Civil Contractors,13.060738,77.529638,6404.0,NORMAL
MPLAD-2026-00168,Rajasthan,Jodhpur,Jodhpur Constituency 3,Anil Verma,Waste Management Facility,Sanitation,2719000.0,2082255.85,1389568.73,Completed,2023-05-13,2023-07-05,2024-01-04,Rural Development Department,Unity Infrastructure,27.351204,75.721124,,DATA_QUALITY
MPLAD-2026-00498,Rajasthan,Udaipur,Udaipur Constituency 3,Priya Singh,Installation of Street Lighting,Electricity,592000.0,474816.97,39550.34,Ongoing,2023-04-05,2023-05-26,2024-01-06,Municipal Corporation,Greenfield Contractors,26.461671,75.660805,2075.0,UNDER_UTILIZATION
MPLAD-2026-00877,Uttar Pradesh,Lucknow,Lucknow Constituency 1,Vijay Kumar,Road Widening and Improvement,Roads,654000.0,633076.61,574066.57,Completed,2021-04-06,2021-06-29,2021-12-02,Municipal Corporation,Reliable Infra Solutions,26.552366,80.122415,2691.0,NORMAL
MPLAD-2026-00598,Uttar Pradesh,Lucknow,Lucknow Constituency 4,Arun Rao,Construction of Public Facility,Public Facilities,543000.0,443370.46,411273.48,Completed,2024-09-24,2024-12-22,2025-03-02,State Public Works Department,Saksham Projects,26.129853,81.144414,6254.0,NORMAL
MPLAD-2026-00757,Tamil Nadu,Madurai,Madurai Constituency 6,Kavita Joshi,Installation of Street Lighting,Electricity,3270000.0,2748185.55,2142526.6,Completed,2025-05-22,2025-06-07,2025-09-06,Urban Local Body,Greenfield Contractors,12.76013,79.430759,13797.0,NORMAL
MPLAD-2026-00101,Tamil Nadu,Coimbatore,Coimbatore Constituency 5,Amit Kumar,Construction of Citizen Service Centre,Public Facilities,2995000.0,2323064.06,2027909.8,Completed,2021-09-13,2021-11-03,2022-01-23,State Water Resources Department,Sunrise Engineering,13.243704,80.523053,14932.0,NORMAL
MPLAD-2026-00427,Maharashtra,Nagpur,Nagpur Constituency 3,Kavita Joshi,Development of Community Sports Facility,Sports Infrastructure,889000.0,857212.42,595425.49,Completed,2022-03-20,2022-06-18,2022-12-16,State Public Works Department,Sunrise Engineering,18.789176,73.412757,12060.0,NORMAL
MPLAD-2026-00179,Uttar Pradesh,Varanasi,Varanasi Constituency 7,Kavita Joshi,Pipeline Extension for Drinking Water,Drinking Water,2084000.0,1801545.37,966103.49,Completed,2024-10-11,2024-12-03,2025-07-08,Municipal Corporation,Greenfield Contractors,26.838369,80.816304,5231.0,NORMAL
MPLAD-2026-00445,Tamil Nadu,Madurai,Madurai Constituency 8,Rohit Mehta,Construction of Indoor Sports Hall,Sports Infrastructure,798000.0,790039.01,654197.35,Completed,2021-07-01,2021-07-16,2021-12-27,District Administration,Sunrise Engineering,13.348495,80.769617,2965.0,NORMAL
MPLAD-2026-00417,Andhra Pradesh,Nellore,Nellore Constituency 2,Arun Rao,Canal Improvement Works,Irrigation,21031225.76,18014250.64,590204.33,Ongoing,2021-08-22,2021-11-08,2022-06-08,District Rural Development Agency,Apex Civil Works,16.048137,80.254491,13280.0,UNDER_UTILIZATION
MPLAD-2026-00871,Uttar Pradesh,Lucknow,Lucknow Constituency 3,Naveen Singh,Construction of Public Facility,Public Facilities,4254000.0,3589433.68,2412014.12,Completed,2025-03-04,2025-04-14,2025-09-18,District Administration,Prime Development Works,26.799698,80.87023,3354.0,NORMAL
MPLAD-2026-00883,Maharashtra,Aurangabad,Aurangabad Constituency 2,Ramesh Naidu,Waste Management Facility,Sanitation,2018000.0,1963779.79,1134362.1,Completed,2023-09-26,2023-12-20,2024-06-13,Urban Local Body,Greenfield Contractors,18.965272,72.498239,12605.0,NORMAL
MPLAD-2026-00681,Tamil Nadu,Madurai,Madurai Constituency 7,Arun Rao,Renovation of Public Building,Public Facilities,4845000.0,4162804.6,3772745.27,Completed,2024-03-14,2024-05-17,2024-07-18,Zilla Parishad,Dakshin Projects,13.075811,80.531381,1374.0,NORMAL
MPLAD-2026-00178,Tamil Nadu,Coimbatore,Coimbatore Constituency 5,Sunita Das,Installation of Drinking Water Supply System,Drinking Water,4098000.0,3623542.79,117714.04,Ongoing,2022-02-08,2022-04-22,2022-07-20,State Water Resources Department,Eastern Infrastructure,13.074143,79.819562,8746.0,UNDER_UTILIZATION
MPLAD-2026-00396,Andhra Pradesh,Guntur,Guntur Constituency 1,Suresh Reddy,Public Infrastructure Improvement,Public Facilities,4887000.0,3831134.02,1986864.93,Completed,2023-05-02,2023-07-14,2024-03-08,Municipal Corporation,Unity Infrastructure,16.693328,80.693459,7544.0,CONTRACTOR_CONCENTRATION
MPLAD-2026-00912,Andhra Pradesh,Nellore,Nellore Constituency 2,Suresh Reddy,Construction of Community Health Facility,Healthcare,1318000.0,1060454.19,660264.21,Completed,2024-10-31,2024-12-04,2025-07-05,State Water Resources Department,National Projects Ltd,16.398815,80.307499,11673.0,NORMAL
MPLAD-2026-00794,Rajasthan,Kota,Kota Constituency 3,Manoj Yadav,Sports Infrastructure Improvement,Sports Infrastructure,1129000.0,1093497.2,720695.21,Completed,2021-01-19,2021-03-12,2021-06-10,Rural Development Department,Unity Infrastructure,26.991799,75.622137,8660.0,CONTRACTOR_CONCENTRATION
MPLAD-2026-00961,West Bengal,Murshidabad,Murshidabad Constituency 4,Sunita Das,Village Sanitation Infrastructure,Sanitation,2137000.0,2018267.89,1386294.66,Completed,2022-04-03,2022-04-18,2022-09-08,State Water Resources Department,Vardhan Construction,21.681915,88.70046,9305.0,NORMAL
MPLAD-2026-00685,Karnataka,Dharwad,Dharwad Constituency 7,Vijay Kumar,School Building Improvement,Education,2942000.0,2487139.82,2170143.41,Completed,2024-11-11,2025-01-20,2025-08-30,District Rural Development Agency,Vardhan Construction,12.772123,77.196439,1535.0,NORMAL
MPLAD-2026-00384,Tamil Nadu,Madurai,Madurai Constituency 4,Priya Singh,Waste Management Facility,Sanitation,2895000.0,2730554.66,2145020.04,Completed,2022-07-13,2022-08-16,2022-11-24,District Rural Development Agency,Unity Infrastructure,13.066955,81.06756,3484.0,CONTRACTOR_CONCENTRATION
MPLAD-2026-00957,Tamil Nadu,Salem,Salem Constituency 4,Meena Patel,Construction of Public Facility,Public Facilities,4806000.0,4363257.59,2702122.9,Completed,2022-09-29,2022-12-07,2023-07-11,Rural Development Department,National Projects Ltd,13.369823,80.49608,5688.0,NORMAL
MPLAD-2026-00752,Gujarat,Surat,Surat Constituency 5,Ramesh Naidu,Development of Community Sports Facility,Sports Infrastructure,1052000.0,979651.53,826796.53,Completed,2021-03-15,2021-04-29,2021-12-23,State Water Resources Department,Metro Civil Contractors,22.654311,72.569881,1971.0,NORMAL
MPLAD-2026-00258,Rajasthan,Kota,Kota Constituency 7,Manoj Yadav,Construction of Additional Classrooms,Education,1096000.0,1021036.64,960575.53,Delayed,2021-11-23,2021-12-21,2022-06-05,State Water Resources Department,Prime Development Works,26.652853,76.127226,3069.0,NORMAL
MPLAD-2026-00539,Uttar Pradesh,Agra,Agra Constituency 8,Anil Verma,Healthcare Facility Improvement,Healthcare,2037000.0,1761902.81,1320998.67,Delayed,2021-02-02,2021-03-06,2021-10-17,State Water Resources Department,Vardhan Construction,26.146238,80.753548,170.0,NORMAL
MPLAD-2026-00336,Odisha,Cuttack,Cuttack Constituency 6,Vijay Kumar,Construction of Citizen Service Centre,Public Facilities,4404000.0,3962146.62,3487800.13,Completed,2021-11-25,2021-12-18,2022-07-01,Rural Development Department,Sunrise Engineering,20.856838,84.891474,8973.0,NORMAL
MPLAD-2026-00016,Tamil Nadu,Coimbatore,Coimbatore Constituency 7,Arun Rao,Renovation of Public Building,Public Facilities,4391000.0,4283906.66,2280403.03,Delayed,2021-01-05,2021-03-10,2021-07-15,State Water Resources Department,Metro Civil Contractors,12.811932,81.104225,4773.0,NORMAL
MPLAD-2026-00325,Andhra Pradesh,Guntur,Guntur Constituency 3,Vijay Kumar,Drainage Improvement Works,Sanitation,2908000.0,2681008.76,1865890.48,Completed,2025-03-28,2025-06-12,2025-10-26,Rural Development Department,Krishna Builders,16.396079,80.913293,9881.0,NORMAL
MPLAD-2026-00759,Odisha,Puri,Puri Constituency 2,Arun Rao,Construction of School Laboratory,Education,3947000.0,3232735.43,426561.85,Ongoing,2021-09-18,2021-11-01,2022-06-10,State Public Works Department,Eastern Infrastructure,20.977152,86.108365,3912.0,UNDER_UTILIZATION
MPLAD-2026-00223,Odisha,Khordha,Khordha Constituency 8,Suresh Reddy,Construction of Community Hall,Community Infrastructure,1571000.0,1564079.61,835130.47,Completed,2021-07-01,2021-08-27,2022-02-17,Zilla Parishad,Apex Civil Works,19.709089,86.125853,11456.0,NORMAL
MPLAD-2026-00180,Telangana,Warangal,Warangal Constituency 5,Rajesh Sharma,Construction of School Laboratory,Education,3620000.0,3177296.51,2094218.26,Completed,2021-10-10,2022-01-06,2022-06-13,Municipal Corporation,Prime Development Works,17.530223,78.114446,9191.0,NORMAL
MPLAD-2026-DUP-0017,Uttar Pradesh,Agra,Agra Constituency 2,Vijay Kumar,Construction of Additional Classrooms - Phase II,Education,2169930.96,1880041.84,1599644.42,Completed,2022-04-25,2022-07-03,2023-02-15,State Public Works Department,Bharat Construction Co,26.468825,80.676473,3596.0,SIMILAR_DUPLICATE
MPLAD-2026-00023,Rajasthan,Jaipur,Jaipur Constituency 2,Rajesh Sharma,Construction of Additional Classrooms,Education,4256000.0,3811790.18,1997556.8,Delayed,2021-09-19,2021-10-09,2022-12-01,State Public Works Department,Dakshin Projects,26.247065,75.46337,14827.0,MAJOR_DELAY
MPLAD-2026-00357,Uttar Pradesh,Agra,Agra Constituency 6,Manoj Yadav,Village Sanitation Infrastructure,Sanitation,4982000.0,4955331.14,2913433.13,Delayed,2021-05-07,2021-06-23,2021-11-29,State Public Works Department,Eastern Infrastructure,26.601486,81.125811,9192.0,NORMAL
MPLAD-2026-00667,Karnataka,Bengaluru Urban,Bengaluru Urban Constituency 8,Arun Rao,Community Infrastructure Development,Community Infrastructure,4223000.0,3341263.32,2845652.5,Completed,2024-08-17,2024-10-25,2025-02-11,District Rural Development Agency,Bharat Construction Co,12.875551,78.265427,6042.0,NORMAL
MPLAD-2026-00862,West Bengal,Howrah,Howrah Constituency 5,Kavita Joshi,Water Conservation Structure,Irrigation,767000.0,586009.97,364114.93,Delayed,2024-01-07,2024-03-09,2024-08-28,State Water Resources Department,Bharat Construction Co,22.905065,88.640815,2300.0,NORMAL
MPLAD-2026-00341,Uttar Pradesh,Lucknow,Lucknow Constituency 5,Deepak Gupta,Construction of CC Road,Roads,4255000.0,3274153.76,1826814.19,Completed,2023-11-30,2023-12-27,2024-03-21,District Administration,Saksham Projects,27.171452,80.438127,3204.0,NORMAL
MPLAD-2026-00432,Odisha,Cuttack,Cuttack Constituency 2,Kavita Joshi,Construction of Community Hall,Community Infrastructure,2816000.0,2752642.9,1739657.27,Completed,2021-04-16,2021-05-15,2021-10-20,State Public Works Department,Vardhan Construction,20.992477,86.632645,6089.0,NORMAL
MPLAD-2026-00552,Karnataka,Belagavi,Belagavi Constituency 7,Deepak Gupta,Construction of Public Utility Building,Community Infrastructure,3126000.0,2767403.81,1446832.87,Completed,2023-08-20,2023-10-13,2024-05-14,State Public Works Department,Unity Infrastructure,13.911369,77.531785,8581.0,NORMAL
MPLAD-2026-00834,Rajasthan,Udaipur,Udaipur Constituency 7,Amit Kumar,Construction of Minor Irrigation Facility,Irrigation,3341000.0,2974597.32,1852131.82,Completed,2022-03-02,2022-05-23,2022-10-24,Urban Local Body,Metro Civil Contractors,26.462714,75.560151,7497.0,NORMAL
MPLAD-2026-00204,Telangana,Nalgonda,Nalgonda Constituency 2,Deepak Gupta,Improvement of Village Road,Roads,1504000.0,1321931.07,625226.2,Delayed,2023-04-02,2023-04-25,2023-10-21,Rural Development Department,Unity Infrastructure,16.904571,78.422629,5462.0,CONTRACTOR_CONCENTRATION
MPLAD-2026-00631,Tamil Nadu,Chennai,Chennai Constituency 7,Priya Singh,Construction of Community Toilet,Sanitation,4709000.0,4582438.45,4005857.21,Completed,2021-04-28,2021-06-27,2021-08-27,Rural Development Department,Unity Infrastructure,13.333947,80.304902,5898.0,NORMAL
MPLAD-2026-00094,Odisha,Cuttack,Cuttack Constituency 6,Kavita Joshi,Renovation of Public Building,Public Facilities,4810000.0,4149254.04,3549617.98,Completed,2022-12-05,2022-12-30,2023-07-07,Zilla Parishad,Shree Infrastructure Pvt Ltd,20.509057,85.791727,11693.0,NORMAL
MPLAD-2026-00559,Odisha,Ganjam,Ganjam Constituency 4,Naveen Singh,Construction of Approach Road,Roads,3143000.0,3028622.64,1808364.45,Completed,2021-11-01,2021-12-27,2022-04-29,Rural Development Department,Metro Civil Contractors,21.377637,85.798572,14400.0,NORMAL
MPLAD-2026-00069,Tamil Nadu,Madurai,Madurai Constituency 3,Manoj Yadav,Installation of Drinking Water Supply System,Drinking Water,1890000.0,1625788.96,1202737.38,Delayed,2025-02-08,2025-03-11,2025-06-02,District Administration,Unity Infrastructure,17.383684,78.486093,2977.0,GEOGRAPHIC_CLUSTER
MPLAD-2026-00623,Gujarat,Rajkot,Rajkot Constituency 2,Vijay Kumar,Pipeline Extension for Drinking Water,Drinking Water,4592000.0,4337225.45,2269083.76,Completed,2025-06-23,2025-08-05,2025-12-13,Zilla Parishad,Krishna Builders,22.730325,72.020627,6303.0,NORMAL
MPLAD-2026-00285,Telangana,Nalgonda,Nalgonda Constituency 2,Priya Singh,Water Conservation Structure,Irrigation,4782000.0,4013458.91,6080236.96,Completed,2022-04-26,2022-05-23,2022-10-02,Zilla Parishad,Dakshin Projects,16.543144,78.328519,5306.0,EXPENDITURE_OVER_SANCTION
MPLAD-2026-00845,Telangana,Karimnagar,Karimnagar Constituency 8,Sunita Das,Healthcare Facility Improvement,Healthcare,2041000.0,1882411.3,1158305.29,Completed,2023-07-12,2023-08-29,2024-03-21,Municipal Corporation,Shree Infrastructure Pvt Ltd,17.386702,78.486425,2525.0,GEOGRAPHIC_CLUSTER
MPLAD-2026-00435,Odisha,Puri,Puri Constituency 2,Priya Singh,Construction of Public Facility,Public Facilities,861000.0,839032.85,498541.86,Delayed,2021-06-07,2021-07-05,2023-07-31,Municipal Corporation,Reliable Infra Solutions,20.592445,86.729092,8231.0,MAJOR_DELAY
MPLAD-2026-00154,Tamil Nadu,Madurai,Madurai Constituency 5,Meena Patel,Construction of Citizen Service Centre,Public Facilities,1888000.0,1585752.26,1413549.04,Completed,2023-08-13,2023-09-09,2024-03-07,Zilla Parishad,Unity Infrastructure,13.657649,80.004493,6173.0,NORMAL
MPLAD-2026-00076,Gujarat,Surat,Surat Constituency 4,Rohit Mehta,Healthcare Facility Improvement,Healthcare,3985000.0,3774436.34,2823243.72,Completed,2022-07-22,2022-08-24,2022-11-25,Municipal Corporation,Metro Civil Contractors,23.135222,72.727302,1901.0,NORMAL
MPLAD-2026-00731,Tamil Nadu,Coimbatore,Coimbatore Constituency 8,Suresh Reddy,Renovation of Health Sub Centre,Healthcare,1854000.0,1534597.9,1449549.43,Delayed,2021-01-14,2021-04-01,2022-08-14,District Rural Development Agency,Bharat Construction Co,13.020395,79.719766,100.0,MAJOR_DELAY
MPLAD-2026-00447,Andhra Pradesh,Guntur,Guntur Constituency 3,Anil Verma,Drainage Improvement Works,Sanitation,1059000.0,970550.59,576356.15,Delayed,2022-01-03,2022-03-21,2024-08-05,District Rural Development Agency,Shree Infrastructure Pvt Ltd,16.980004,81.126183,12629.0,MAJOR_DELAY
MPLAD-2026-00189,Maharashtra,Nashik,Nashik Constituency 5,Vijay Kumar,Development of Community Sports Facility,Sports Infrastructure,3048000.0,2655827.48,1651578.93,Completed,2024-10-29,2024-11-19,2025-01-29,State Water Resources Department,Metro Civil Contractors,19.468544,72.960204,366.0,NORMAL
MPLAD-2026-00272,Gujarat,Vadodara,Vadodara Constituency 1,Naveen Singh,Village Electrification Works,Electricity,2375000.0,2249191.22,1782651.34,Completed,2024-02-05,2024-02-26,2024-04-29,State Water Resources Department,Apex Civil Works,,73.220106,13698.0,DATA_QUALITY
MPLAD-2026-00237,Maharashtra,Aurangabad,Aurangabad Constituency 3,Sunita Das,Construction of Sports Ground,Sports Infrastructure,1282000.0,1241995.37,683548.78,Delayed,2021-04-29,2021-06-14,2022-12-03,Urban Local Body,Dakshin Projects,18.394164,73.492793,11644.0,MAJOR_DELAY
MPLAD-2026-00488,Maharashtra,Nashik,Nashik Constituency 4,Kavita Joshi,Renovation of Public Building,Public Facilities,2163000.0,1992267.43,2448423.2,Delayed,2021-01-22,2021-04-07,2021-07-10,District Administration,Reliable Infra Solutions,18.875217,72.027407,11353.0,EXPENDITURE_OVER_SANCTION
MPLAD-2026-00118,Gujarat,Ahmedabad,Ahmedabad Constituency 2,Deepak Gupta,Construction of School Laboratory,Education,1241000.0,1030855.5,829494.44,Completed,2022-12-10,2023-03-01,2023-07-11,Zilla Parishad,Sunrise Engineering,23.987275,72.856664,10504.0,NORMAL
MPLAD-2026-00944,Odisha,Khordha,Khordha Constituency 1,Anil Verma,Electricity Infrastructure Improvement,Electricity,4570000.0,3861669.35,1807228.74,Completed,2024-10-08,2024-11-26,2025-07-22,District Administration,Unity Infrastructure,19.931778,86.015327,6771.0,NORMAL
MPLAD-2026-00513,Gujarat,Ahmedabad,Ahmedabad Constituency 2,Vijay Kumar,Installation of Street Lighting,Electricity,3279000.0,2558184.01,1437821.74,Completed,2022-06-13,2022-08-10,2023-01-07,Rural Development Department,Metro Civil Contractors,23.799894,72.767746,14785.0,NORMAL
MPLAD-2026-00826,Odisha,Puri,Puri Constituency 4,Deepak Gupta,Water Conservation Structure,Irrigation,2457000.0,2128230.78,1000102.94,Completed,2023-09-30,2023-12-12,2024-05-13,Urban Local Body,Vardhan Construction,20.556935,85.971108,4234.0,NORMAL
MPLAD-2026-00592,Rajasthan,Udaipur,Udaipur Constituency 6,Deepak Gupta,Construction of Citizen Service Centre,Public Facilities,3634000.0,3316848.41,3029142.92,Completed,2025-02-15,2025-04-02,2025-08-02,Urban Local Body,Dakshin Projects,27.325642,75.080575,10437.0,NORMAL
MPLAD-2026-00127,Andhra Pradesh,Krishna,Krishna Constituency 6,Sunita Das,Public Infrastructure Improvement,Public Facilities,1170000.0,1138741.02,592020.63,Completed,2024-06-09,2024-08-03,2024-11-12,Rural Development Department,Vardhan Construction,17.38512,78.487255,9827.0,GEOGRAPHIC_CLUSTER
MPLAD-2026-00117,Rajasthan,Kota,Kota Constituency 2,Suresh Reddy,Construction of Community Hall,Community Infrastructure,2525000.0,2323068.8,1445546.73,Completed,2025-05-17,2025-08-10,2026-03-21,Municipal Corporation,Metro Civil Contractors,26.932907,75.49408,7188.0,NORMAL
MPLAD-2026-00474,Rajasthan,Kota,Kota Constituency 6,Rohit Mehta,Construction of Overhead Water Tank,Drinking Water,4307000.0,3517672.0,2087816.77,Completed,2021-11-25,2022-01-11,2022-09-03,Zilla Parishad,Krishna Builders,26.225914,75.475941,1960.0,NORMAL
MPLAD-2026-00694,Uttar Pradesh,Kanpur Nagar,Kanpur Nagar Constituency 7,Rajesh Sharma,Construction of Public Facility,Public Facilities,2362000.0,2058788.46,1570529.03,Delayed,2022-03-07,2022-05-14,2022-10-17,State Water Resources Department,Greenfield Contractors,27.432484,81.64888,13347.0,NORMAL
MPLAD-2026-00058,West Bengal,Kolkata,Kolkata Constituency 1,Manoj Yadav,Canal Improvement Works,Irrigation,3694000.0,3057477.75,1396769.67,Delayed,2023-04-16,2023-05-12,2023-09-06,District Rural Development Agency,Dakshin Projects,22.486038,88.499596,7660.0,NORMAL
MPLAD-2026-00864,Gujarat,Vadodara,Vadodara Constituency 1,Suresh Reddy,Pipeline Extension for Drinking Water,Drinking Water,4807000.0,4039357.69,3378322.84,Completed,2025-03-11,2025-04-22,2025-08-07,State Water Resources Department,Apex Civil Works,22.781316,72.935026,6034.0,NORMAL
MPLAD-2026-00913,Karnataka,Mysuru,Mysuru Constituency 8,Amit Kumar,Construction of Minor Irrigation Facility,Irrigation,4709000.0,4577422.94,3876270.4,Completed,2021-09-04,2021-10-28,2022-03-11,Municipal Corporation,Greenfield Contractors,13.047495,77.793473,9768.0,NORMAL
MPLAD-2026-00370,Andhra Pradesh,Nellore,Nellore Constituency 1,Arun Rao,Public Infrastructure Improvement,Public Facilities,2946000.0,2213735.28,1973216.17,Completed,2022-05-03,2022-06-14,2023-01-10,District Administration,Prime Development Works,17.249464,81.056467,7339.0,NORMAL
MPLAD-2026-00269,Tamil Nadu,Madurai,Madurai Constituency 6,Naveen Singh,School Building Improvement,Education,2768000.0,2556463.89,1562486.95,Completed,2021-08-25,2021-10-24,2022-05-15,District Administration,Vardhan Construction,12.695514,80.09765,11146.0,NORMAL
MPLAD-2026-00047,Maharashtra,Nashik,Nashik Constituency 4,Rajesh Sharma,Healthcare Facility Improvement,Healthcare,1038000.0,917556.7,762576.61,Completed,2022-01-15,2022-02-23,2022-06-18,Rural Development Department,Sunrise Engineering,18.760076,72.730252,1747.0,NORMAL
MPLAD-2026-00350,Odisha,Khordha,Khordha Constituency 7,Anil Verma,Rural Drinking Water Facility,Drinking Water,2758000.0,2602052.43,1340545.11,Completed,2021-10-04,2021-12-19,2022-07-10,Zilla Parishad,Krishna Builders,20.711912,85.741294,9294.0,NORMAL
MPLAD-2026-00196,Rajasthan,Udaipur,Udaipur Constituency 1,Sunita Das,Construction of Community Health Facility,Healthcare,2236000.0,1811764.7,1393321.64,Delayed,2021-05-26,2021-08-16,2021-10-18,Urban Local Body,Dakshin Projects,26.508113,76.008664,2262.0,NORMAL
MPLAD-2026-DUP-0001,Tamil Nadu,Salem,Salem Constituency 7,Priya Singh,Public Infrastructure Improvement - Phase II,Public Facilities,4161127.15,3138976.6,1759862.19,Completed,2021-09-20,2021-11-13,2022-01-14,Urban Local Body,Greenfield Contractors,13.80887,80.47479,5667.0,SIMILAR_DUPLICATE
MPLAD-2026-00835,West Bengal,Kolkata,Kolkata Constituency 3,Kavita Joshi,Canal Improvement Works,Irrigation,3309000.0,2949057.27,1939584.64,Completed,2025-04-16,2025-05-03,2025-09-12,Zilla Parishad,Prime Development Works,22.950879,88.60993,6248.0,NORMAL
MPLAD-2026-00737,Karnataka,Belagavi,Belagavi Constituency 5,Naveen Singh,Installation of Street Lighting,Electricity,4623000.0,4212863.63,2688908.1,Completed,2023-08-25,2023-10-02,2024-04-26,Rural Development Department,Saksham Projects,12.911292,77.60121,2220.0,NORMAL
MPLAD-2026-00264,Uttar Pradesh,Varanasi,Varanasi Constituency 2,Rajesh Sharma,Construction of Primary Health Centre,Healthcare,2036000.0,1949410.9,1817273.67,Completed,2022-08-21,2022-11-14,2023-05-26,State Public Works Department,Bharat Construction Co,26.114306,80.967838,-475.0,INVALID_NUMERICAL_DATA
MPLAD-2026-00444,Maharashtra,Aurangabad,Aurangabad Constituency 2,Priya Singh,Public Infrastructure Improvement,Public Facilities,19424760.07,17713739.76,14447158.62,Completed,2023-05-19,2023-07-26,2023-10-29,District Rural Development Agency,Unity Infrastructure,17.386614,78.484753,2453.0,EXTREME_COST
MPLAD-2026-00676,Gujarat,Ahmedabad,Ahmedabad Constituency 3,Rohit Mehta,Pipeline Extension for Drinking Water,Drinking Water,2191000.0,1955540.75,1714842.23,Completed,2022-04-02,2022-06-05,2022-11-30,State Water Resources Department,Unity Infrastructure,22.495949,71.760509,7775.0,NORMAL
MPLAD-2026-00305,Odisha,Khordha,Khordha Constituency 3,Manoj Yadav,Public Infrastructure Improvement,Public Facilities,548000.0,527527.77,482887.97,Completed,2023-11-28,2024-01-18,2024-05-06,Zilla Parishad,Vardhan Construction,19.495676,86.49772,10179.0,NORMAL
MPLAD-2026-00342,Tamil Nadu,Coimbatore,Coimbatore Constituency 3,Deepak Gupta,Sports Infrastructure Improvement,Sports Infrastructure,3857000.0,3631638.79,2681172.93,Completed,2024-10-13,2024-12-25,2025-08-21,District Rural Development Agency,Dakshin Projects,12.846666,80.490919,2833.0,NORMAL
MPLAD-2026-00967,Telangana,Warangal,Warangal Constituency 4,Rajesh Sharma,Construction of Public Utility Building,Community Infrastructure,2022000.0,1725090.42,1423933.36,Completed,2023-10-06,2023-12-11,2024-06-27,District Administration,Krishna Builders,17.17561,78.439023,11480.0,NORMAL
MPLAD-2026-00150,Maharashtra,Nashik,Nashik Constituency 1,Deepak Gupta,Canal Improvement Works,Irrigation,3317000.0,2842006.08,1983181.38,Completed,2022-12-07,2023-02-08,2023-08-21,District Administration,Unity Infrastructure,19.441788,73.161033,2544.0,CONTRACTOR_CONCENTRATION
MPLAD-2026-00125,Maharashtra,Nashik,Nashik Constituency 7,Vijay Kumar,Road Widening and Improvement,Roads,730000.0,650031.58,410340.16,Completed,2022-08-15,2022-09-08,2023-02-13,Rural Development Department,Metro Civil Contractors,19.870454,73.059942,13621.0,NORMAL
MPLAD-2026-00787,Rajasthan,Jodhpur,Jodhpur Constituency 5,Rohit Mehta,Installation of Drinking Water Supply System,Drinking Water,833000.0,775130.01,644282.64,Completed,2023-05-01,2023-05-18,2023-07-20,Municipal Corporation,Saksham Projects,27.044501,75.176838,1665.0,NORMAL
MPLAD-2026-00051,Odisha,Khordha,Khordha Constituency 2,Sunita Das,Renovation of Health Sub Centre,Healthcare,1691000.0,1302572.0,742378.23,Completed,2024-02-05,2024-02-29,2024-06-08,State Water Resources Department,Prime Development Works,19.659183,85.63521,4871.0,NORMAL
MPLAD-2026-00354,Gujarat,Vadodara,Vadodara Constituency 8,Kavita Joshi,Construction of Additional Classrooms,Education,2195000.0,2143439.61,1529128.84,Delayed,2022-06-08,2022-07-14,2023-09-11,Rural Development Department,Metro Civil Contractors,22.446307,73.361057,969.0,MAJOR_DELAY
MPLAD-2026-00928,West Bengal,Kolkata,Kolkata Constituency 4,Kavita Joshi,Construction of Indoor Sports Hall,Sports Infrastructure,3006000.0,2362237.63,2201813.98,Completed,2021-04-27,2021-05-26,2022-01-16,State Public Works Department,Saksham Projects,23.022862,88.062121,10234.0,NORMAL
MPLAD-2026-00143,Tamil Nadu,Salem,Salem Constituency 2,Naveen Singh,Sports Infrastructure Improvement,Sports Infrastructure,4139000.0,3573439.07,2525077.53,Completed,2023-07-25,2023-10-20,2024-01-02,Rural Development Department,Greenfield Contractors,14.042565,79.39226,11950.0,NORMAL
MPLAD-2026-00471,Tamil Nadu,Chennai,Chennai Constituency 2,Kavita Joshi,Construction of Public Utility Building,Community Infrastructure,803000.0,763088.02,84548.12,Ongoing,2022-03-06,2022-05-04,2022-07-22,Rural Development Department,Sunrise Engineering,12.506563,80.663306,7192.0,UNDER_UTILIZATION
MPLAD-2026-00400,Karnataka,Bengaluru Urban,Bengaluru Urban Constituency 5,Ramesh Naidu,Village Irrigation Infrastructure,Irrigation,776000.0,673793.14,360169.13,Completed,2021-04-16,2021-06-07,2022-01-12,District Rural Development Agency,Prime Development Works,12.984343,77.60799,2177.0,NORMAL
MPLAD-2026-00626,Uttar Pradesh,Kanpur Nagar,Kanpur Nagar Constituency 7,Ramesh Naidu,Renovation of Public Building,Public Facilities,2475000.0,2075288.38,1420188.14,Completed,2022-08-11,2022-09-30,2023-03-18,Zilla Parishad,Reliable Infra Solutions,26.995596,81.321288,5100.0,NORMAL
MPLAD-2026-00321,Uttar Pradesh,Varanasi,Varanasi Constituency 7,Suresh Reddy,Construction of Additional Classrooms,Education,1063000.0,859602.18,1120340.81,Completed,2025-03-04,2025-03-29,2025-07-20,District Rural Development Agency,Bharat Construction Co,26.695597,81.69726,1145.0,EXPENDITURE_OVER_SANCTION
MPLAD-2026-00020,Gujarat,Surat,Surat Constituency 5,Suresh Reddy,Construction of Community Hall,Community Infrastructure,4457000.0,3754495.56,1985652.89,Delayed,2024-01-18,2024-03-11,2024-10-13,State Public Works Department,Metro Civil Contractors,22.424816,72.659988,11042.0,NORMAL
MPLAD-2026-00810,Telangana,Warangal,Warangal Constituency 5,Rohit Mehta,Renovation of Health Sub Centre,Healthcare,8723865.29,7571549.29,6892262.9,Completed,2022-07-26,2022-08-27,2023-03-19,Zilla Parishad,Unity Infrastructure,17.193139,79.003501,4569.0,EXTREME_COST
MPLAD-2026-00791,Gujarat,Surat,Surat Constituency 4,Rohit Mehta,Renovation of Public Building,Public Facilities,877000.0,746150.52,648431.06,Completed,2023-12-08,2024-03-04,2024-07-01,Rural Development Department,Prime Development Works,23.112756,73.088287,6847.0,NORMAL
MPLAD-2026-00809,Odisha,Khordha,Khordha Constituency 8,Rajesh Sharma,Installation of Drinking Water Supply System,Drinking Water,1321000.0,1019289.43,620493.1,Completed,2024-07-07,2024-07-24,2024-11-04,Urban Local Body,Apex Civil Works,20.430539,85.486194,7642.0,NORMAL
MPLAD-2026-00408,Telangana,Warangal,Warangal Constituency 5,Anil Verma,Construction of Public Facility,Public Facilities,3375000.0,3309774.24,1946782.01,Completed,2023-05-25,2023-07-20,2023-11-22,Rural Development Department,Bharat Construction Co,17.84933,77.818198,12832.0,NORMAL
MPLAD-2026-00538,Tamil Nadu,Madurai,Madurai Constituency 1,Suresh Reddy,Construction of Sports Ground,Sports Infrastructure,1853000.0,1572875.0,804507.45,Delayed,2021-10-14,2022-01-08,2022-05-19,Urban Local Body,Apex Civil Works,13.53102,80.04851,14582.0,NORMAL
MPLAD-2026-00621,Karnataka,Dharwad,Dharwad Constituency 8,Rajesh Sharma,Drainage Improvement Works,Sanitation,4731000.0,3717671.78,2051714.09,Completed,2024-07-13,2024-08-31,2025-04-10,Urban Local Body,Apex Civil Works,12.800993,77.502989,9334.0,NORMAL
MPLAD-2026-00039,Uttar Pradesh,Varanasi,Varanasi Constituency 5,Sunita Das,Solar Lighting Installation,Electricity,4257000.0,3693274.05,3045149.26,Completed,2021-04-17,2021-06-15,2021-10-10,State Public Works Department,,26.885871,80.811647,12457.0,DATA_QUALITY
MPLAD-2026-00176,Telangana,Nalgonda,Nalgonda Constituency 1,Sunita Das,Installation of Drinking Water Supply System,Drinking Water,4321000.0,3940719.5,3107531.86,Completed,2021-12-03,2022-01-18,2022-07-29,Urban Local Body,National Projects Ltd,17.524908,79.15061,9272.0,NORMAL
MPLAD-2026-00246,Odisha,Khordha,Khordha Constituency 8,Naveen Singh,Construction of Primary Health Centre,Healthcare,4404000.0,3723217.81,2230869.74,Delayed,2021-04-21,2021-05-25,2021-08-28,District Administration,Unity Infrastructure,20.292512,86.490475,9429.0,NORMAL
MPLAD-2026-00829,Telangana,Nalgonda,Nalgonda Constituency 6,Amit Kumar,Construction of Additional Classrooms,Education,2219000.0,2208052.83,174489.51,Ongoing,2024-07-28,2024-09-19,2025-03-06,Rural Development Department,National Projects Ltd,17.460807,79.079619,11922.0,UNDER_UTILIZATION
MPLAD-2026-00668,Odisha,Puri,Puri Constituency 1,Priya Singh,Village Sanitation Infrastructure,Sanitation,2937000.0,2250710.6,1684781.52,Completed,2025-03-30,2025-05-23,2025-09-08,State Public Works Department,Greenfield Contractors,20.363,85.672811,4037.0,NORMAL
MPLAD-2026-00755,Maharashtra,Nagpur,Nagpur Constituency 1,Vijay Kumar,Water Conservation Structure,Irrigation,4396000.0,4157091.33,3800758.92,Completed,2025-03-21,2025-04-12,2025-07-08,Rural Development Department,Reliable Infra Solutions,19.115783,73.542589,14165.0,NORMAL
MPLAD-2026-00859,Maharashtra,Nashik,Nashik Constituency 3,Anil Verma,Construction of Public Utility Building,Community Infrastructure,4232000.0,3507636.75,2118642.21,Completed,2024-02-28,2024-05-03,2024-10-16,State Public Works Department,Krishna Builders,19.225391,72.963425,6797.0,NORMAL
MPLAD-2026-00155,Uttar Pradesh,Varanasi,Varanasi Constituency 1,Kavita Joshi,Renovation of Health Sub Centre,Healthcare,573000.0,509011.88,377694.93,Completed,2025-01-14,2025-03-23,2025-08-05,Zilla Parishad,Unity Infrastructure,27.092894,80.855213,6323.0,NORMAL
MPLAD-2026-00288,Karnataka,Mysuru,Mysuru Constituency 5,Ramesh Naidu,Installation of Drinking Water Supply System,Drinking Water,4514000.0,4344259.24,3326891.28,Completed,2024-04-06,2024-07-04,2024-12-14,State Public Works Department,Apex Civil Works,13.344833,76.599589,9137.0,NORMAL
MPLAD-2026-00603,West Bengal,Kolkata,Kolkata Constituency 5,Rohit Mehta,Sports Infrastructure Improvement,Sports Infrastructure,1256000.0,1082134.02,549550.21,Completed,2024-09-19,2024-12-12,2025-04-12,District Rural Development Agency,National Projects Ltd,22.594587,88.382166,1828.0,NORMAL
MPLAD-2026-00570,Odisha,Ganjam,Ganjam Constituency 1,Suresh Reddy,Construction of Primary Health Centre,Healthcare,4601000.0,3894624.71,2153517.73,Completed,2022-08-20,2022-11-10,2023-01-26,State Public Works Department,Unity Infrastructure,20.56493,86.140028,2915.0,NORMAL
MPLAD-2026-00744,Telangana,Warangal,Warangal Constituency 5,Meena Patel,Construction of Minor Irrigation Facility,Irrigation,2957000.0,2877019.34,2132982.6,Completed,2022-06-23,2022-07-11,2022-09-17,Zilla Parishad,Sunrise Engineering,16.746735,77.694336,5581.0,NORMAL
MPLAD-2026-00018,Gujarat,Ahmedabad,Ahmedabad Constituency 3,Rajesh Sharma,Construction of Minor Irrigation Facility,Irrigation,3538000.0,2861537.85,1459222.07,Completed,2024-03-12,2024-04-27,2024-11-21,District Rural Development Agency,Vardhan Construction,23.392645,72.02202,6968.0,NORMAL
MPLAD-2026-00128,Uttar Pradesh,Varanasi,Varanasi Constituency 5,Arun Rao,Construction of Internal Roads,Roads,1991000.0,1547805.68,74366.28,Ongoing,2022-09-23,2022-10-11,2023-05-11,Zilla Parishad,Greenfield Contractors,26.162984,80.728295,11919.0,UNDER_UTILIZATION
MPLAD-2026-00323,Karnataka,Mysuru,Mysuru Constituency 3,Amit Kumar,Construction of Internal Roads,Roads,4372000.0,3634445.04,2500779.39,Completed,2024-01-13,2024-03-02,2024-09-18,Municipal Corporation,Unity Infrastructure,12.861016,77.471874,9780.0,CONTRACTOR_CONCENTRATION
MPLAD-2026-00256,West Bengal,Kolkata,Kolkata Constituency 2,Rohit Mehta,Construction of Additional Classrooms,Education,4335000.0,3641632.64,2871002.23,Delayed,2023-05-23,2023-06-21,2023-09-13,State Public Works Department,Dakshin Projects,22.694306,88.341293,258.0,NORMAL
MPLAD-2026-00658,Rajasthan,Jodhpur,Jodhpur Constituency 5,Kavita Joshi,Waste Management Facility,Sanitation,4439000.0,3630095.77,2539707.17,Completed,2023-01-26,2023-03-15,2023-06-02,Municipal Corporation,Eastern Infrastructure,26.917059,75.196974,12843.0,NORMAL
MPLAD-2026-00965,Karnataka,Mysuru,Mysuru Constituency 6,Amit Kumar,Installation of Drinking Water Supply System,Drinking Water,4405000.0,3912273.35,2481989.24,Completed,2022-10-08,2022-12-10,2023-06-28,Urban Local Body,Krishna Builders,13.467032,78.475856,6580.0,NORMAL
MPLAD-2026-00191,Uttar Pradesh,Agra,Agra Constituency 2,Vijay Kumar,Construction of Additional Classrooms,Education,2284000.0,1887445.78,1509429.43,Completed,2022-04-25,2022-07-03,2023-02-15,State Public Works Department,Bharat Construction Co,26.468825,80.676473,3596.0,NORMAL
MPLAD-2026-00116,Karnataka,Mysuru,Mysuru Constituency 8,Amit Kumar,Construction of Public Utility Building,Community Infrastructure,2603000.0,2591945.03,1334555.21,Completed,2021-06-26,2021-07-19,2021-12-05,State Water Resources Department,Reliable Infra Solutions,12.642935,77.692006,8712.0,NORMAL
MPLAD-2026-00617,Tamil Nadu,Chennai,Chennai Constituency 3,Rohit Mehta,Canal Improvement Works,Irrigation,524000.0,451587.51,274180.47,Completed,2021-03-22,2021-04-22,2021-11-15,District Rural Development Agency,National Projects Ltd,13.042973,81.431569,9315.0,NORMAL
MPLAD-2026-00607,Gujarat,Surat,Surat Constituency 7,Meena Patel,Construction of Public Utility Building,Community Infrastructure,4089000.0,4021455.0,2063624.44,Completed,2024-09-21,2024-12-20,2025-04-15,State Water Resources Department,Shree Infrastructure Pvt Ltd,22.699217,72.974116,5276.0,NORMAL
MPLAD-2026-00181,Karnataka,Dharwad,Dharwad Constituency 5,Suresh Reddy,Construction of School Laboratory,Education,4289000.0,3880912.35,3425918.51,Completed,2021-01-20,2021-04-07,2021-07-10,State Water Resources Department,Krishna Builders,13.205306,78.284333,6803.0,NORMAL
MPLAD-2026-00302,Tamil Nadu,Salem,Salem Constituency 8,Suresh Reddy,Community Infrastructure Development,Community Infrastructure,1642000.0,1357381.09,844532.86,Delayed,2024-12-15,2025-02-18,2025-05-24,District Rural Development Agency,Unity Infrastructure,13.474023,80.880737,12352.0,CONTRACTOR_CONCENTRATION
MPLAD-2026-00760,Telangana,Hyderabad,Hyderabad Constituency 3,Manoj Yadav,Sports Infrastructure Improvement,Sports Infrastructure,3110000.0,2365120.47,1912622.9,Completed,2021-05-05,2021-06-22,2021-10-25,Urban Local Body,Eastern Infrastructure,16.924116,79.321042,8954.0,NORMAL
MPLAD-2026-00713,Rajasthan,Udaipur,Udaipur Constituency 1,Arun Rao,Waste Management Facility,Sanitation,940000.0,857426.11,699660.4,Completed,2023-05-16,2023-06-24,2023-11-06,Rural Development Department,National Projects Ltd,26.442236,74.90244,8776.0,NORMAL
MPLAD-2026-00724,West Bengal,Kolkata,Kolkata Constituency 4,Anil Verma,Construction of Minor Irrigation Facility,Irrigation,739000.0,610750.52,406247.68,Completed,2024-09-14,2024-09-29,2024-12-10,Rural Development Department,Unity Infrastructure,22.334722,88.627764,12965.0,NORMAL
MPLAD-2026-00686,Telangana,Hyderabad,Hyderabad Constituency 1,Kavita Joshi,Installation of Street Lighting,Electricity,2734000.0,2564305.24,2342786.33,Completed,2021-07-24,2021-10-03,2022-04-09,Rural Development Department,Shree Infrastructure Pvt Ltd,17.307174,79.256969,14054.0,NORMAL
MPLAD-2026-DUP-0021,Telangana,Warangal,Warangal Constituency 3,Manoj Yadav,Construction of Sports Ground - Phase II,Sports Infrastructure,4893570.62,4247765.73,3500611.45,Completed,2023-06-17,2023-08-08,2024-04-01,District Administration,Eastern Infrastructure,17.015001,78.596359,11126.0,SIMILAR_DUPLICATE
MPLAD-2026-00518,Gujarat,Ahmedabad,Ahmedabad Constituency 2,Vijay Kumar,Community Infrastructure Development,Community Infrastructure,4919000.0,3891328.28,1870694.45,Delayed,2025-04-04,2025-04-23,INVALID_DATE,State Public Works Department,National Projects Ltd,22.805066,73.279694,10448.0,INVALID_DATE
MPLAD-2026-DUP-0016,Odisha,Puri,Puri Constituency 8,Arun Rao,Village Community Centre - Phase II,Community Infrastructure,1849914.26,1338219.61,997362.04,Completed,2021-11-08,2021-12-13,2022-05-28,District Administration,Dakshin Projects,20.885739,86.452558,2693.0,SIMILAR_DUPLICATE
MPLAD-2026-00046,Maharashtra,Nagpur,Nagpur Constituency 7,Ramesh Naidu,Healthcare Facility Improvement,Healthcare,3488000.0,,2134996.13,Completed,2022-12-06,2023-02-13,2023-09-01,State Water Resources Department,Reliable Infra Solutions,19.119685,73.31359,4538.0,DATA_QUALITY
MPLAD-2026-00910,Uttar Pradesh,Kanpur Nagar,Kanpur Nagar Constituency 2,Anil Verma,Village Community Centre,Community Infrastructure,3683000.0,3571648.67,2499585.86,Completed,2022-01-13,2022-03-02,2022-08-11,District Rural Development Agency,Unity Infrastructure,26.751691,80.501969,5665.0,NORMAL
MPLAD-2026-00158,Karnataka,Bengaluru Urban,Bengaluru Urban Constituency 4,Deepak Gupta,Construction of Citizen Service Centre,Public Facilities,772000.0,702081.62,643775.05,Completed,2023-09-17,2023-12-03,2024-02-05,District Administration,Saksham Projects,17.384048,78.488449,294.0,GEOGRAPHIC_CLUSTER
MPLAD-2026-00852,Maharashtra,Pune,Pune Constituency 4,Ramesh Naidu,Construction of Overhead Water Tank,Drinking Water,2852000.0,2182396.83,1230420.33,Completed,2024-04-14,2024-07-12,2025-01-10,State Public Works Department,Saksham Projects,19.361625,73.377065,5324.0,NORMAL
MPLAD-2026-00172,West Bengal,Howrah,Howrah Constituency 5,Priya Singh,Village Sanitation Infrastructure,Sanitation,3719000.0,3522894.12,1715588.02,Completed,2024-05-09,2024-07-24,2025-02-18,District Administration,Saksham Projects,22.682835,88.135776,9007.0,NORMAL
MPLAD-2026-00017,Rajasthan,Kota,Kota Constituency 3,Priya Singh,Village Sanitation Infrastructure,Sanitation,4859000.0,4347809.26,3135194.83,Completed,2025-03-12,2025-05-06,2025-07-19,Municipal Corporation,Unity Infrastructure,26.906326,75.31133,1031.0,CONTRACTOR_CONCENTRATION
MPLAD-2026-00512,Odisha,Ganjam,Ganjam Constituency 2,Sunita Das,Village Electrification Works,Electricity,1866000.0,1497200.47,708961.36,Completed,2021-02-07,2021-04-08,2021-08-12,Municipal Corporation,National Projects Ltd,20.28514,86.788522,13665.0,NORMAL
MPLAD-2026-00049,Andhra Pradesh,Nellore,Nellore Constituency 8,Arun Rao,Construction of Citizen Service Centre,Public Facilities,1330000.0,1014582.76,933955.69,Completed,2023-09-06,2023-10-05,2023-12-20,State Public Works Department,Bharat Construction Co,16.633254,80.717475,2585.0,NORMAL
MPLAD-2026-00972,Telangana,Nalgonda,Nalgonda Constituency 8,Amit Kumar,Public Infrastructure Improvement,Public Facilities,1421000.0,1105784.36,711822.18,Completed,2021-08-07,2021-09-17,2022-01-06,Rural Development Department,Reliable Infra Solutions,17.506107,78.332263,13746.0,NORMAL
MPLAD-2026-00941,Karnataka,Mysuru,Mysuru Constituency 5,Manoj Yadav,Electricity Infrastructure Improvement,Electricity,999000.0,982773.46,914182.95,Completed,2022-02-08,2022-04-05,2022-08-17,District Rural Development Agency,Metro Civil Contractors,13.405783,78.321612,5911.0,NORMAL
MPLAD-2026-00516,Rajasthan,Jaipur,Jaipur Constituency 4,Rohit Mehta,Construction of Citizen Service Centre,Public Facilities,1790000.0,1419139.65,827369.51,Completed,2025-01-04,2025-03-13,2025-08-12,Municipal Corporation,Apex Civil Works,26.796581,75.036437,12440.0,NORMAL
MPLAD-2026-00953,West Bengal,Darjeeling,Darjeeling Constituency 8,Vijay Kumar,Development of Community Sports Facility,Sports Infrastructure,1527000.0,1210358.58,962758.32,Completed,2023-04-20,2023-07-03,2023-12-28,District Administration,Metro Civil Contractors,22.524314,88.565373,7696.0,NORMAL
MPLAD-2026-00481,Andhra Pradesh,Visakhapatnam,Visakhapatnam Constituency 5,Anil Verma,Construction of Overhead Water Tank,Drinking Water,1838000.0,1773401.99,940104.54,Delayed,2023-06-18,2023-08-12,2025-05-18,Rural Development Department,Shree Infrastructure Pvt Ltd,16.789225,81.198119,14295.0,MAJOR_DELAY
MPLAD-2026-00284,Karnataka,Mysuru,Mysuru Constituency 5,Priya Singh,Construction of Overhead Water Tank,Drinking Water,3519000.0,3138325.7,1497590.67,Completed,2025-03-19,2025-06-12,2025-12-07,Rural Development Department,Bharat Construction Co,12.054444,77.140961,11104.0,NORMAL
MPLAD-2026-00719,Telangana,Hyderabad,Hyderabad Constituency 5,Sunita Das,Community Infrastructure Development,Community Infrastructure,2708000.0,2268478.77,1639786.98,Completed,2024-09-20,2024-12-06,2025-04-09,Urban Local Body,Shree Infrastructure Pvt Ltd,17.273089,79.210006,5033.0,NORMAL
MPLAD-2026-00878,Telangana,Hyderabad,Hyderabad Constituency 6,Naveen Singh,Construction of Primary Health Centre,Healthcare,2389000.0,1831363.04,1711161.89,Completed,2023-08-10,2023-10-17,2024-05-01,State Public Works Department,Eastern Infrastructure,17.615041,79.104846,5202.0,NORMAL
MPLAD-2026-00226,Telangana,Nalgonda,Nalgonda Constituency 8,Ramesh Naidu,Road Widening and Improvement,Roads,4741000.0,3751312.93,287155.8,Ongoing,2021-11-18,2021-12-09,,District Administration,Apex Civil Works,17.356794,78.916514,11522.0,UNDER_UTILIZATION
MPLAD-2026-00027,Maharashtra,Nashik,Nashik Constituency 7,Manoj Yadav,Construction of Indoor Sports Hall,Sports Infrastructure,4727000.0,3681555.12,3442991.47,Completed,2022-01-01,2022-03-31,2022-08-05,District Administration,Vardhan Construction,18.771385,73.152954,5763.0,NORMAL
MPLAD-2026-00955,Odisha,Cuttack,Cuttack Constituency 4,Rajesh Sharma,Road Widening and Improvement,Roads,2625000.0,2146521.62,1178179.01,Completed,2023-10-16,2023-12-20,2024-03-29,Rural Development Department,Unity Infrastructure,19.758834,85.888824,3831.0,CONTRACTOR_CONCENTRATION
MPLAD-2026-00438,Maharashtra,Nagpur,Nagpur Constituency 8,Vijay Kumar,Construction of Community Toilet,Sanitation,1168000.0,,890091.25,Completed,2024-06-20,2024-07-25,2025-02-07,Municipal Corporation,National Projects Ltd,19.061093,73.685251,2741.0,DATA_QUALITY
MPLAD-2026-00952,West Bengal,Kolkata,Kolkata Constituency 2,Vijay Kumar,Village Irrigation Infrastructure,Irrigation,3641000.0,3281912.62,3051023.67,Completed,2024-03-11,2024-04-28,2024-09-16,State Water Resources Department,Reliable Infra Solutions,23.100506,88.530239,6169.0,NORMAL
MPLAD-2026-00365,Telangana,Karimnagar,Karimnagar Constituency 8,Rohit Mehta,Improvement of Village Road,Roads,2834000.0,2405790.53,1966938.35,Completed,2024-02-17,2024-04-21,2024-10-30,Zilla Parishad,Shree Infrastructure Pvt Ltd,17.142108,78.136463,4870.0,NORMAL
MPLAD-2026-00230,Uttar Pradesh,Varanasi,Varanasi Constituency 4,Deepak Gupta,Road Widening and Improvement,Roads,4183000.0,3575034.49,2566006.77,Completed,2023-08-31,2023-11-27,2024-03-26,District Administration,Bharat Construction Co,26.597558,80.407155,14891.0,NORMAL
MPLAD-2026-00038,Gujarat,Ahmedabad,Ahmedabad Constituency 7,Kavita Joshi,Construction of Minor Irrigation Facility,Irrigation,878000.0,752580.5,664848.94,Completed,2022-01-08,2022-01-29,2022-06-04,State Water Resources Department,Apex Civil Works,17.385785,78.485682,5455.0,GEOGRAPHIC_CLUSTER
MPLAD-2026-00966,Karnataka,Belagavi,Belagavi Constituency 1,Manoj Yadav,Waste Management Facility,Sanitation,3045000.0,2716543.18,2422150.87,Completed,2021-04-25,2021-05-26,2021-11-29,Municipal Corporation,Bharat Construction Co,12.418303,77.818115,2583.0,NORMAL
MPLAD-2026-00375,Odisha,Puri,Puri Constituency 5,Deepak Gupta,Village Irrigation Infrastructure,Irrigation,4672000.0,4221490.7,2947438.32,Completed,2025-02-02,2025-04-21,2025-10-24,Zilla Parishad,Dakshin Projects,20.020917,85.191503,11709.0,NORMAL
MPLAD-2026-00470,Odisha,Puri,Puri Constituency 6,Meena Patel,Construction of Community Health Facility,Healthcare,3359000.0,3337256.57,1627448.51,Completed,2024-01-03,2024-02-14,2024-06-26,District Administration,Sunrise Engineering,20.40581,85.570665,13282.0,NORMAL
MPLAD-2026-00968,Karnataka,Bengaluru Urban,Bengaluru Urban Constituency 4,Arun Rao,Construction of Additional Classrooms,Education,3932000.0,3802897.75,2143686.15,Completed,2021-04-26,2021-07-21,2021-09-25,Zilla Parishad,Eastern Infrastructure,14.161555,76.918263,7942.0,NORMAL
MPLAD-2026-00851,Andhra Pradesh,Visakhapatnam,Visakhapatnam Constituency 4,Priya Singh,Village Sanitation Infrastructure,Sanitation,3604000.0,3289377.3,1883311.68,Completed,2024-11-13,2025-01-25,2025-05-10,Rural Development Department,Vardhan Construction,16.657784,80.820134,9143.0,NORMAL
MPLAD-2026-00705,Uttar Pradesh,Varanasi,Varanasi Constituency 1,Meena Patel,Drainage Improvement Works,Sanitation,2720000.0,2475946.05,2241315.28,Completed,2023-02-05,2023-03-05,2023-05-11,State Public Works Department,Eastern Infrastructure,26.701494,80.833325,2373.0,NORMAL
MPLAD-2026-00842,Odisha,Puri,Puri Constituency 3,Priya Singh,Construction of Public Facility,Public Facilities,531000.0,402540.82,317377.75,Completed,2023-12-01,2024-02-14,2024-07-21,Rural Development Department,Krishna Builders,19.889434,85.970462,14572.0,NORMAL
MPLAD-2026-00195,Karnataka,Mysuru,Mysuru Constituency 5,Manoj Yadav,Construction of Overhead Water Tank,Drinking Water,2990000.0,2691005.88,2028470.95,Delayed,2025-05-15,2025-06-02,2026-01-16,Zilla Parishad,Apex Civil Works,13.399291,77.334993,12352.0,NORMAL
MPLAD-2026-00855,Maharashtra,Nashik,Nashik Constituency 5,Rohit Mehta,Development of Community Sports Facility,Sports Infrastructure,2035000.0,1871102.4,1312636.6,Delayed,2024-07-05,2024-09-14,2024-12-11,State Water Resources Department,National Projects Ltd,19.016315,72.439162,206.0,NORMAL
MPLAD-2026-00865,Uttar Pradesh,Kanpur Nagar,Kanpur Nagar Constituency 5,Anil Verma,Construction of Minor Irrigation Facility,Irrigation,1131000.0,1029843.43,683471.52,Completed,2023-09-24,2023-10-15,2024-04-27,Urban Local Body,Saksham Projects,27.011979,81.773383,365.0,NORMAL
MPLAD-2026-00504,Karnataka,Mysuru,Mysuru Constituency 3,Rajesh Sharma,Village Irrigation Infrastructure,Irrigation,4422000.0,3434048.54,2462858.41,Completed,2021-01-12,2021-03-18,2021-06-15,State Water Resources Department,Greenfield Contractors,13.374437,77.880427,7639.0,NORMAL
MPLAD-2026-00970,Rajasthan,Jaipur,Jaipur Constituency 1,Priya Singh,Construction of Minor Irrigation Facility,Irrigation,1440000.0,1289786.11,585016.27,Delayed,2024-12-08,2025-01-02,2025-07-29,Municipal Corporation,Saksham Projects,27.401004,75.831392,6607.0,NORMAL
MPLAD-2026-00831,Rajasthan,Udaipur,Udaipur Constituency 3,Anil Verma,Construction of Sports Ground,Sports Infrastructure,3221000.0,3148323.3,2484354.9,Completed,2022-07-13,2022-07-28,2023-01-08,District Administration,Metro Civil Contractors,27.505102,75.734169,10867.0,NORMAL
MPLAD-2026-00580,Uttar Pradesh,Kanpur Nagar,Kanpur Nagar Constituency 2,Priya Singh,Construction of Overhead Water Tank,Drinking Water,3758000.0,2859849.76,2019769.04,Completed,2022-11-01,2022-12-27,2023-07-18,Zilla Parishad,Vardhan Construction,17.384344,78.48701,8975.0,GEOGRAPHIC_CLUSTER
MPLAD-2026-00969,Andhra Pradesh,Guntur,Guntur Constituency 4,Sunita Das,Renovation of Health Sub Centre,Healthcare,4795000.0,3761285.64,2293366.84,Completed,2023-03-05,2023-05-09,2023-07-12,State Water Resources Department,Sunrise Engineering,16.614183,80.810462,485.0,NORMAL
MPLAD-2026-00163,Maharashtra,Nagpur,Nagpur Constituency 4,Kavita Joshi,Solar Lighting Installation,Electricity,2227000.0,2082103.12,1759895.67,Completed,2024-11-12,2024-12-07,2025-06-13,State Public Works Department,Unity Infrastructure,18.623292,72.331315,1700.0,NORMAL
MPLAD-2026-00909,Odisha,Cuttack,Cuttack Constituency 3,Amit Kumar,Construction of Public Facility,Public Facilities,1993000.0,1541665.93,1004823.39,Completed,2024-12-06,2025-02-08,2025-07-22,Municipal Corporation,Unity Infrastructure,19.327783,85.500881,13981.0,CONTRACTOR_CONCENTRATION
MPLAD-2026-00153,Telangana,Warangal,Warangal Constituency 4,Arun Rao,Healthcare Facility Improvement,Healthcare,1864000.0,1821591.28,1012629.67,Delayed,2022-01-25,2022-02-24,2022-08-25,Zilla Parishad,Reliable Infra Solutions,17.375594,78.539497,6598.0,NORMAL
MPLAD-2026-00802,Karnataka,Dharwad,Dharwad Constituency 8,Arun Rao,Construction of Community Toilet,Sanitation,3011000.0,2586007.42,1613902.0,Completed,2021-02-21,2021-04-23,2021-10-19,District Administration,Unity Infrastructure,12.680916,77.234964,3602.0,NORMAL
MPLAD-2026-DUP-0007,Tamil Nadu,Chennai,Chennai Constituency 8,Arun Rao,Water Conservation Structure - Phase II,Irrigation,862322.7,780718.39,501345.1,Completed,2023-10-16,2023-11-02,2024-01-27,State Public Works Department,Unity Infrastructure,12.784519,80.527469,13631.0,SIMILAR_DUPLICATE
MPLAD-2026-00756,Gujarat,Rajkot,Rajkot Constituency 7,Kavita Joshi,Village Irrigation Infrastructure,Irrigation,1231000.0,1040592.32,856216.98,Completed,2022-05-03,2022-06-03,2022-08-05,Rural Development Department,Greenfield Contractors,22.50874,72.484253,1501.0,NORMAL
MPLAD-2026-00112,Rajasthan,Udaipur,Udaipur Constituency 3,Amit Kumar,Renovation of Government School,Education,657000.0,503793.08,422812.21,Delayed,2023-01-21,2023-03-23,2023-08-28,Municipal Corporation,Shree Infrastructure Pvt Ltd,27.221217,75.061578,11225.0,NORMAL
MPLAD-2026-00227,Gujarat,Vadodara,Vadodara Constituency 5,Anil Verma,Construction of Primary Health Centre,Healthcare,723000.0,645597.39,78638.09,Ongoing,2021-11-11,2021-12-02,2022-05-03,Rural Development Department,Bharat Construction Co,22.578923,72.798221,13598.0,UNDER_UTILIZATION
MPLAD-2026-00689,Uttar Pradesh,Agra,Agra Constituency 6,Suresh Reddy,Water Conservation Structure,Irrigation,1588000.0,1577475.66,861822.6,Completed,2024-08-12,2024-10-16,2024-12-28,District Administration,Vardhan Construction,26.545617,81.414157,2211.0,NORMAL
MPLAD-2026-00104,Telangana,Hyderabad,Hyderabad Constituency 5,Priya Singh,Renovation of Government School,Education,1000000.0,822025.39,493688.39,Completed,2021-04-08,2021-05-23,2021-11-06,State Water Resources Department,Unity Infrastructure,17.616766,78.717904,1129.0,CONTRACTOR_CONCENTRATION
MPLAD-2026-00422,Gujarat,Ahmedabad,Ahmedabad Constituency 6,Rohit Mehta,Development of Community Sports Facility,Sports Infrastructure,2589000.0,2347228.98,1300492.43,Completed,2021-04-19,2021-05-28,2021-08-24,State Water Resources Department,Greenfield Contractors,22.517275,72.743484,8251.0,NORMAL
MPLAD-2026-00420,Andhra Pradesh,Krishna,Krishna Constituency 2,Ramesh Naidu,Village Irrigation Infrastructure,Irrigation,2373000.0,2258747.05,1888948.04,Completed,2024-11-18,2024-12-19,2025-04-10,State Water Resources Department,Sunrise Engineering,16.942945,80.503705,6850.0,NORMAL
MPLAD-2026-00751,Gujarat,Vadodara,Vadodara Constituency 4,Deepak Gupta,Waste Management Facility,Sanitation,3640000.0,3188135.32,1520736.62,Completed,2023-04-22,2023-07-08,2023-11-16,Municipal Corporation,Dakshin Projects,23.372762,72.323366,13885.0,NORMAL
MPLAD-2026-00587,Karnataka,Mysuru,Mysuru Constituency 3,Rajesh Sharma,School Building Improvement,Education,1563000.0,1202792.78,977262.58,Completed,2022-09-30,2022-11-05,2023-02-23,Zilla Parishad,National Projects Ltd,13.01849,77.566433,5066.0,NORMAL
MPLAD-2026-00781,Maharashtra,Aurangabad,Aurangabad Constituency 8,Vijay Kumar,Construction of Community Health Facility,Healthcare,1021000.0,884373.85,538984.28,Completed,2021-08-21,2021-10-19,2022-06-14,State Water Resources Department,National Projects Ltd,,72.541455,13864.0,DATA_QUALITY
MPLAD-2026-00673,Andhra Pradesh,Krishna,Krishna Constituency 5,Deepak Gupta,Rural Drinking Water Facility,Drinking Water,924000.0,765469.02,701956.51,Completed,2021-11-27,2021-12-20,2022-04-30,District Rural Development Agency,Unity Infrastructure,16.927299,79.931796,1265.0,NORMAL
MPLAD-2026-00120,Odisha,Khordha,Khordha Constituency 1,Rajesh Sharma,Construction of Approach Road,Roads,1691000.0,1357369.24,999116.88,Delayed,2024-06-19,2024-07-07,2025-01-10,Rural Development Department,Saksham Projects,19.998296,86.208095,10617.0,NORMAL
MPLAD-2026-00054,Rajasthan,Udaipur,Udaipur Constituency 8,Arun Rao,Installation of Drinking Water Supply System,Drinking Water,4502000.0,4203217.93,3160218.07,Delayed,2021-02-22,2021-03-20,2021-07-16,State Public Works Department,Eastern Infrastructure,27.761184,75.86586,12629.0,NORMAL
MPLAD-2026-00152,Tamil Nadu,Madurai,Madurai Constituency 4,Vijay Kumar,Rural Drinking Water Facility,Drinking Water,4312000.0,3333676.19,2707919.69,Completed,2022-01-26,2022-02-16,2022-06-24,State Public Works Department,Vardhan Construction,13.418982,80.545367,14413.0,NORMAL
MPLAD-2026-00404,Maharashtra,Nagpur,Nagpur Constituency 7,Amit Kumar,Drainage Improvement Works,Sanitation,2219000.0,1839378.26,1315388.53,Completed,2021-03-26,2021-04-22,2021-11-04,District Administration,Eastern Infrastructure,,72.662263,10102.0,DATA_QUALITY
MPLAD-2026-00946,Karnataka,Bengaluru Urban,Bengaluru Urban Constituency 4,Rajesh Sharma,Construction of School Laboratory,Education,792000.0,707237.94,402045.44,Completed,2021-06-28,2021-07-22,2021-09-22,Urban Local Body,Reliable Infra Solutions,13.217428,77.59749,14356.0,NORMAL
MPLAD-2026-00208,Telangana,Warangal,Warangal Constituency 7,Rajesh Sharma,Construction of Minor Irrigation Facility,Irrigation,2457000.0,2435021.08,1384031.57,Completed,2022-06-19,2022-08-13,2023-01-20,Urban Local Body,Reliable Infra Solutions,17.534541,78.149881,5311.0,NORMAL
MPLAD-2026-00659,Karnataka,Belagavi,Belagavi Constituency 3,Meena Patel,Public Infrastructure Improvement,Public Facilities,4166000.0,3242360.34,2152040.74,Completed,2025-01-28,2025-03-19,2025-06-24,Municipal Corporation,National Projects Ltd,12.492299,77.457249,12675.0,NORMAL
MPLAD-2026-00844,Telangana,Hyderabad,Hyderabad Constituency 3,Rohit Mehta,Construction of Community Toilet,Sanitation,3749000.0,3155218.86,2455607.45,Completed,2021-10-18,2021-12-03,2022-06-04,Urban Local Body,Bharat Construction Co,17.175922,78.577222,10619.0,NORMAL
MPLAD-2026-00763,Karnataka,Bengaluru Urban,Bengaluru Urban Constituency 2,Kavita Joshi,Healthcare Facility Improvement,Healthcare,2799000.0,2645666.41,1862790.27,Completed,2024-04-05,2024-06-03,2024-09-26,State Public Works Department,Unity Infrastructure,12.804107,78.084537,10865.0,CONTRACTOR_CONCENTRATION
MPLAD-2026-00009,Uttar Pradesh,Lucknow,Lucknow Constituency 5,Meena Patel,Renovation of Government School,Education,515000.0,479219.35,388091.16,Delayed,2023-10-23,2023-11-29,2024-06-05,Rural Development Department,Eastern Infrastructure,26.390926,81.087611,13889.0,NORMAL
MPLAD-2026-00808,Andhra Pradesh,Nellore,Nellore Constituency 4,Ramesh Naidu,Sports Infrastructure Improvement,Sports Infrastructure,1278000.0,1197111.68,1040206.07,Completed,2021-01-07,2021-03-02,2021-07-10,Urban Local Body,Bharat Construction Co,16.418784,82.036898,7739.0,NORMAL
MPLAD-2026-00037,Gujarat,Surat,Surat Constituency 8,Priya Singh,Drainage Improvement Works,Sanitation,2685000.0,2274770.4,1784413.64,Completed,2025-06-23,2025-08-28,2025-12-08,Municipal Corporation,Dakshin Projects,23.006378,73.27549,10295.0,NORMAL
MPLAD-2026-00453,Maharashtra,Pune,Pune Constituency 2,Priya Singh,School Building Improvement,Education,3596000.0,2973378.06,1649988.45,Completed,2021-06-10,2021-08-18,2022-04-11,District Rural Development Agency,Bharat Construction Co,19.161995,72.898596,408.0,NORMAL
MPLAD-2026-00652,Karnataka,Dharwad,Dharwad Constituency 4,Rajesh Sharma,Construction of Additional Classrooms,Education,2419000.0,2089425.86,1614205.54,Completed,2023-04-05,2023-05-02,2023-11-12,State Public Works Department,Metro Civil Contractors,12.892868,77.254515,9984.0,NORMAL
MPLAD-2026-00254,Odisha,Cuttack,Cuttack Constituency 5,Rohit Mehta,Development of Community Sports Facility,Sports Infrastructure,2111000.0,1799498.85,954070.54,Completed,2024-01-28,2024-04-15,2024-08-06,Urban Local Body,Prime Development Works,20.029523,85.435704,3942.0,NORMAL
MPLAD-2026-00304,Telangana,Warangal,Warangal Constituency 8,Naveen Singh,Water Conservation Structure,Irrigation,897000.0,731748.38,464965.77,Delayed,2024-06-01,2024-06-20,2024-11-25,Rural Development Department,Krishna Builders,17.036795,77.926605,11758.0,NORMAL
MPLAD-2026-00747,Andhra Pradesh,Guntur,Guntur Constituency 4,Deepak Gupta,Water Conservation Structure,Irrigation,3569000.0,3335162.31,2422154.89,Completed,2021-04-17,2021-06-20,2021-11-23,District Administration,Krishna Builders,17.383355,78.488942,9103.0,GEOGRAPHIC_CLUSTER
MPLAD-2026-00572,Odisha,Puri,Puri Constituency 4,Deepak Gupta,Construction of Citizen Service Centre,Public Facilities,1408000.0,1404861.96,945283.55,Completed,2023-03-29,2023-05-14,2023-11-24,State Water Resources Department,Vardhan Construction,20.228575,85.881009,7639.0,NORMAL
MPLAD-2026-00624,Telangana,Hyderabad,Hyderabad Constituency 3,Deepak Gupta,Drainage Improvement Works,Sanitation,930000.0,778619.3,573125.34,Completed,2022-08-01,2022-10-25,2023-03-03,State Public Works Department,Dakshin Projects,17.400338,78.140212,2897.0,NORMAL
MPLAD-2026-00733,Gujarat,Vadodara,Vadodara Constituency 8,Rohit Mehta,Construction of Minor Irrigation Facility,Irrigation,2446000.0,2223534.57,1206053.88,Delayed,2025-03-05,2025-04-19,2026-10-01,Zilla Parishad,Reliable Infra Solutions,22.761264,72.83626,7901.0,MAJOR_DELAY
MPLAD-2026-00892,Odisha,Puri,Puri Constituency 4,Rohit Mehta,Public Infrastructure Improvement,Public Facilities,2398000.0,2181016.91,1924929.8,Completed,2022-07-28,2022-09-16,2023-01-18,District Administration,Unity Infrastructure,19.618976,86.166525,11027.0,NORMAL
MPLAD-2026-00263,Telangana,Nalgonda,Nalgonda Constituency 4,Manoj Yadav,Construction of Citizen Service Centre,Public Facilities,2135000.0,1630219.4,915301.45,Completed,2023-07-20,2023-09-15,2024-04-05,State Water Resources Department,Vardhan Construction,17.041533,77.674503,11841.0,NORMAL
MPLAD-2026-00611,Tamil Nadu,Salem,Salem Constituency 2,Suresh Reddy,Construction of Community Hall,Community Infrastructure,4324000.0,4010064.12,2721896.19,Completed,2021-12-02,2022-02-28,2022-06-03,Rural Development Department,Prime Development Works,12.548281,80.410119,14800.0,NORMAL
MPLAD-2026-00298,Odisha,Khordha,Khordha Constituency 2,Rajesh Sharma,Renovation of Public Building,Public Facilities,4559000.0,4033901.2,1817676.3,Delayed,2025-05-06,2025-07-15,2027-02-13,State Public Works Department,Eastern Infrastructure,20.762993,85.594993,11530.0,MAJOR_DELAY
MPLAD-2026-00415,Gujarat,Rajkot,Rajkot Constituency 1,Amit Kumar,Construction of Community Hall,Community Infrastructure,2020000.0,1879111.05,1226597.12,Delayed,2022-03-10,2022-05-30,2022-11-23,Municipal Corporation,Eastern Infrastructure,22.833416,72.444597,-451.0,INVALID_NUMERICAL_DATA
MPLAD-2026-00151,Maharashtra,Aurangabad,Aurangabad Constituency 3,Sunita Das,Sports Infrastructure Improvement,Sports Infrastructure,1584000.0,1277236.44,1122397.86,Completed,2021-10-23,2022-01-05,2022-03-20,Municipal Corporation,Unity Infrastructure,18.702952,72.625619,6463.0,CONTRACTOR_CONCENTRATION
MPLAD-2026-00789,Maharashtra,Aurangabad,Aurangabad Constituency 2,Priya Singh,Solar Lighting Installation,Electricity,2675000.0,2613251.48,1872661.11,Delayed,2022-05-16,2022-07-18,2022-09-20,District Administration,Reliable Infra Solutions,18.349191,73.401833,6206.0,NORMAL
MPLAD-2026-00641,Maharashtra,Aurangabad,Aurangabad Constituency 5,Naveen Singh,Construction of Minor Irrigation Facility,Irrigation,2439000.0,1983067.39,1379507.29,Completed,2022-11-16,2023-01-08,2023-04-06,Municipal Corporation,Shree Infrastructure Pvt Ltd,19.136093,72.809089,5526.0,NORMAL
MPLAD-2026-00890,Karnataka,Belagavi,Belagavi Constituency 6,Amit Kumar,Pipeline Extension for Drinking Water,Drinking Water,2859000.0,2695792.58,2019750.48,Completed,2022-04-21,2022-07-01,2022-11-14,State Water Resources Department,Unity Infrastructure,12.778414,77.283011,2617.0,CONTRACTOR_CONCENTRATION
MPLAD-2026-00551,Telangana,Hyderabad,Hyderabad Constituency 2,Kavita Joshi,Renovation of Health Sub Centre,Healthcare,3368000.0,2741792.9,1810963.81,Completed,2025-01-24,2025-04-05,2025-07-21,State Public Works Department,Metro Civil Contractors,17.834105,77.183385,1091.0,NORMAL
MPLAD-2026-00887,Karnataka,Dharwad,Dharwad Constituency 4,Anil Verma,Road Widening and Improvement,Roads,1834000.0,1788588.61,1674126.87,Completed,2023-09-03,2023-11-16,2024-04-06,State Public Works Department,Sunrise Engineering,12.691408,77.682173,1326.0,NORMAL
MPLAD-2026-00489,Tamil Nadu,Salem,Salem Constituency 7,Ramesh Naidu,Village Irrigation Infrastructure,Irrigation,829000.0,737188.24,350943.11,Delayed,2022-04-26,2022-07-10,2022-12-07,State Public Works Department,Unity Infrastructure,12.879162,79.179954,187.0,CONTRACTOR_CONCENTRATION
MPLAD-2026-00148,Tamil Nadu,Chennai,Chennai Constituency 2,Kavita Joshi,Road Widening and Improvement,Roads,3190000.0,2953370.8,1400896.47,Completed,2025-02-25,2025-03-17,2025-08-26,Zilla Parishad,,13.243357,79.958891,12459.0,DATA_QUALITY
MPLAD-2026-00147,Rajasthan,Jodhpur,Jodhpur Constituency 4,Arun Rao,Village Community Centre,Community Infrastructure,1740000.0,1712773.51,1391648.98,Completed,2021-08-20,2021-09-08,2022-04-25,State Public Works Department,Metro Civil Contractors,26.647186,76.169621,4043.0,NORMAL
MPLAD-2026-00721,Tamil Nadu,Chennai,Chennai Constituency 4,Naveen Singh,Installation of Street Lighting,Electricity,4845000.0,4696190.71,3707176.53,Completed,2023-07-10,2023-09-30,2024-01-12,Urban Local Body,Greenfield Contractors,13.380997,80.798763,14648.0,NORMAL
MPLAD-2026-00932,Maharashtra,Nagpur,Nagpur Constituency 1,Arun Rao,Electricity Infrastructure Improvement,Electricity,4944000.0,3862529.94,2948075.8,Delayed,2022-03-03,2022-05-08,2024-04-22,State Water Resources Department,Unity Infrastructure,19.43307,72.090861,7372.0,MAJOR_DELAY
MPLAD-2026-00740,Uttar Pradesh,Lucknow,Lucknow Constituency 8,Meena Patel,School Building Improvement,Education,1381000.0,1205303.32,951495.98,Completed,2022-04-07,2022-05-17,2022-08-26,Zilla Parishad,Saksham Projects,17.383765,78.486068,1509.0,GEOGRAPHIC_CLUSTER
MPLAD-2026-00660,Rajasthan,Udaipur,Udaipur Constituency 6,Arun Rao,Village Electrification Works,Electricity,3620000.0,3089619.63,2616137.88,Delayed,2022-11-14,2022-12-16,2023-07-31,District Administration,Krishna Builders,26.63812,75.703163,9100.0,NORMAL
MPLAD-2026-00349,Tamil Nadu,Coimbatore,Coimbatore Constituency 1,Manoj Yadav,Village Electrification Works,Electricity,3888000.0,3475147.72,1720342.26,Completed,2023-06-04,2023-07-26,2024-01-02,District Rural Development Agency,Unity Infrastructure,13.22946,79.707699,7896.0,NORMAL
MPLAD-2026-00464,West Bengal,Murshidabad,Murshidabad Constituency 5,Deepak Gupta,Construction of Community Hall,Community Infrastructure,4787000.0,3628065.53,2413400.81,Delayed,2021-09-01,2021-11-04,2024-01-27,State Water Resources Department,Krishna Builders,22.321085,88.533645,7631.0,MAJOR_DELAY
MPLAD-2026-00326,Tamil Nadu,Chennai,Chennai Constituency 6,Priya Singh,Village Electrification Works,Electricity,2276000.0,1799900.34,1473324.49,Completed,2023-03-10,2023-05-12,2023-09-05,Zilla Parishad,Krishna Builders,13.91473,80.777654,8564.0,NORMAL
MPLAD-2026-00187,Rajasthan,Kota,Kota Constituency 3,Kavita Joshi,Drainage Improvement Works,Sanitation,2188000.0,1682307.4,1425417.91,Completed,2025-04-24,2025-05-20,2025-10-30,Urban Local Body,Sunrise Engineering,27.565415,76.218972,7549.0,NORMAL
MPLAD-2026-00124,Tamil Nadu,Madurai,Madurai Constituency 1,Amit Kumar,Drainage Improvement Works,Sanitation,3189000.0,3063711.88,2408875.03,Completed,2022-08-09,2022-10-31,2023-01-01,Municipal Corporation,Krishna Builders,12.868975,79.976702,14558.0,NORMAL
MPLAD-2026-00854,Telangana,Karimnagar,Karimnagar Constituency 4,Kavita Joshi,Water Conservation Structure,Irrigation,4965000.0,4036231.93,2638018.36,Completed,2022-07-09,2022-09-25,2023-05-04,State Water Resources Department,Saksham Projects,17.687658,79.341647,8524.0,NORMAL
MPLAD-2026-00609,Odisha,Ganjam,Ganjam Constituency 4,Arun Rao,Drainage Improvement Works,Sanitation,765000.0,728702.7,383553.48,Completed,2025-01-07,2025-02-17,2025-06-14,Municipal Corporation,Shree Infrastructure Pvt Ltd,19.993029,85.950047,14137.0,NORMAL
MPLAD-2026-00144,Andhra Pradesh,Visakhapatnam,Visakhapatnam Constituency 5,Rohit Mehta,Improvement of Village Road,Roads,3102000.0,2361622.24,4031805.92,Delayed,2021-05-11,2021-08-03,2021-10-17,State Water Resources Department,Unity Infrastructure,16.431697,80.864743,619.0,EXPENDITURE_OVER_SANCTION
MPLAD-2026-00959,Maharashtra,Nashik,Nashik Constituency 6,Ramesh Naidu,Renovation of Health Sub Centre,Healthcare,4845000.0,4580457.09,3371846.14,Completed,2022-04-14,2022-07-13,2023-02-14,Zilla Parishad,Eastern Infrastructure,18.721497,72.598319,8105.0,NORMAL
MPLAD-2026-00198,Rajasthan,Udaipur,Udaipur Constituency 7,Meena Patel,Installation of Street Lighting,Electricity,3382000.0,2991087.61,1574329.72,Completed,2021-06-21,2021-08-14,2021-11-02,Municipal Corporation,Apex Civil Works,27.443148,75.576171,8888.0,NORMAL
MPLAD-2026-00610,West Bengal,Murshidabad,Murshidabad Constituency 5,Rohit Mehta,Construction of Additional Classrooms,Education,2966000.0,2474689.62,1952404.75,Completed,2022-12-15,2023-02-18,2023-07-28,Rural Development Department,Reliable Infra Solutions,22.196694,89.329217,4726.0,NORMAL
MPLAD-2026-00280,Andhra Pradesh,Krishna,Krishna Constituency 5,Deepak Gupta,Construction of Overhead Water Tank,Drinking Water,4599000.0,3917925.79,2646805.04,Completed,2023-04-09,2023-06-18,2023-11-05,District Rural Development Agency,Greenfield Contractors,16.677503,80.410557,8862.0,NORMAL
MPLAD-2026-00294,Uttar Pradesh,Lucknow,Lucknow Constituency 4,Meena Patel,Construction of Community Hall,Community Infrastructure,2667000.0,2319499.66,1288138.72,Completed,2021-11-27,2022-02-02,2022-04-08,Municipal Corporation,National Projects Ltd,26.639988,80.56377,2307.0,NORMAL
MPLAD-2026-00401,Gujarat,Ahmedabad,Ahmedabad Constituency 5,Anil Verma,Construction of School Laboratory,Education,1738000.0,1415147.26,1161431.99,Completed,2024-05-21,2024-06-27,2025-01-24,State Water Resources Department,Greenfield Contractors,23.444728,72.33918,6158.0,NORMAL
MPLAD-2026-00123,Karnataka,Belagavi,Belagavi Constituency 6,Priya Singh,Renovation of Government School,Education,4982000.0,4317918.23,5903881.02,Delayed,2023-10-16,2023-11-02,2024-01-24,State Water Resources Department,Saksham Projects,12.431467,77.444074,4044.0,EXPENDITURE_OVER_SANCTION
MPLAD-2026-00184,Andhra Pradesh,Visakhapatnam,Visakhapatnam Constituency 5,Vijay Kumar,Rural Drinking Water Facility,Drinking Water,4394000.0,3424448.55,2931137.75,Completed,2022-03-06,2022-06-04,2023-01-26,District Administration,Reliable Infra Solutions,16.600842,80.605667,2819.0,NORMAL
MPLAD-2026-00203,Andhra Pradesh,Visakhapatnam,Visakhapatnam Constituency 6,Meena Patel,School Building Improvement,Education,4690000.0,4522901.39,3285582.09,Completed,2025-01-02,2025-03-11,2025-07-06,Urban Local Body,Krishna Builders,16.297471,80.880282,4544.0,NORMAL
MPLAD-2026-00439,Tamil Nadu,Chennai,Chennai Constituency 1,Vijay Kumar,Canal Improvement Works,Irrigation,2484000.0,2092566.4,1156305.49,Completed,2024-12-19,2025-01-07,2025-08-25,Municipal Corporation,Unity Infrastructure,12.849775,80.371405,6209.0,NORMAL
MPLAD-2026-00247,West Bengal,Howrah,Howrah Constituency 6,Rohit Mehta,Construction of Additional Classrooms,Education,2694000.0,2445500.57,1316687.18,Completed,2024-07-23,2024-08-14,2024-10-14,Municipal Corporation,Apex Civil Works,22.607416,87.976322,9541.0,NORMAL
MPLAD-2026-00416,Odisha,Cuttack,Cuttack Constituency 2,Amit Kumar,Renovation of Government School,Education,3442000.0,2986984.5,2715197.4,Completed,2021-04-04,2021-05-20,2022-01-14,Municipal Corporation,Shree Infrastructure Pvt Ltd,19.691097,85.411107,10465.0,NORMAL
MPLAD-2026-00933,Rajasthan,Kota,Kota Constituency 6,Vijay Kumar,Community Infrastructure Development,Community Infrastructure,1099000.0,969850.13,555727.58,Completed,2024-12-30,2025-02-07,2025-08-31,Urban Local Body,Eastern Infrastructure,27.499353,75.039179,14851.0,NORMAL
MPLAD-2026-00766,Telangana,Nalgonda,Nalgonda Constituency 2,Naveen Singh,Community Infrastructure Development,Community Infrastructure,3223000.0,2779005.98,1832546.34,Completed,2024-03-12,2024-04-12,2024-10-26,District Administration,Dakshin Projects,17.448399,77.690902,11144.0,NORMAL
MPLAD-2026-00907,Odisha,Ganjam,Ganjam Constituency 7,Ramesh Naidu,Renovation of Government School,Education,1468000.0,1266925.0,911169.74,Completed,2024-10-13,2024-12-05,2025-04-28,District Administration,Metro Civil Contractors,21.021599,86.228078,2463.0,NORMAL
MPLAD-2026-00836,Gujarat,Surat,Surat Constituency 7,Kavita Joshi,Installation of Drinking Water Supply System,Drinking Water,2281000.0,1831246.77,925358.99,Completed,2022-08-16,2022-09-22,2022-12-31,District Administration,Reliable Infra Solutions,22.914981,72.406329,9112.0,NORMAL
MPLAD-2026-00888,Maharashtra,Nashik,Nashik Constituency 4,Naveen Singh,Construction of Minor Irrigation Facility,Irrigation,767000.0,653939.51,341288.27,Completed,2021-11-25,2022-01-10,2022-06-19,District Administration,Greenfield Contractors,18.741888,72.28369,6506.0,NORMAL
MPLAD-2026-00130,Rajasthan,Jodhpur,Jodhpur Constituency 7,Deepak Gupta,Water Conservation Structure,Irrigation,4428000.0,4135571.86,1989791.7,Completed,2021-10-10,2021-12-30,2022-04-22,State Water Resources Department,Greenfield Contractors,27.112119,76.135885,8709.0,NORMAL
MPLAD-2026-00638,Rajasthan,Jodhpur,Jodhpur Constituency 8,Ramesh Naidu,Construction of Overhead Water Tank,Drinking Water,1349000.0,1300055.55,993832.61,Completed,2021-11-01,2021-12-15,2022-03-15,Rural Development Department,Shree Infrastructure Pvt Ltd,27.458294,75.851073,3248.0,NORMAL
MPLAD-2026-00403,Karnataka,Mysuru,Mysuru Constituency 6,Amit Kumar,Construction of Community Toilet,Sanitation,736000.0,637378.75,438590.5,Completed,2023-09-03,2023-11-25,2024-03-23,District Administration,Reliable Infra Solutions,12.776077,77.455473,7875.0,NORMAL
MPLAD-2026-00785,Andhra Pradesh,Krishna,Krishna Constituency 6,Deepak Gupta,Renovation of Health Sub Centre,Healthcare,4272000.0,3626422.08,2933450.0,Completed,2022-08-18,2022-09-22,2023-02-24,Zilla Parishad,Apex Civil Works,15.796854,80.361926,323.0,NORMAL
MPLAD-2026-00771,Odisha,Khordha,Khordha Constituency 3,Naveen Singh,Construction of Approach Road,Roads,3169000.0,2910652.89,1969823.86,Completed,2022-10-19,2022-12-29,2023-04-13,Rural Development Department,Vardhan Construction,20.283718,86.622013,12764.0,NORMAL
MPLAD-2026-00736,West Bengal,Darjeeling,Darjeeling Constituency 1,Suresh Reddy,Village Community Centre,Community Infrastructure,2070000.0,1917971.24,1237690.17,Completed,2021-05-09,2021-06-15,2022-01-28,Urban Local Body,Greenfield Contractors,23.111084,88.089498,7628.0,NORMAL
MPLAD-2026-00914,Gujarat,Surat,Surat Constituency 2,Arun Rao,Renovation of Health Sub Centre,Healthcare,24710273.15,21636872.26,1537833.08,Ongoing,2024-09-10,2024-12-04,2025-05-12,District Rural Development Agency,Bharat Construction Co,22.53182,73.20632,5643.0,UNDER_UTILIZATION
MPLAD-2026-00220,Karnataka,Belagavi,Belagavi Constituency 1,Amit Kumar,School Building Improvement,Education,3985000.0,3832056.58,3373492.51,Delayed,2021-05-29,2021-07-30,2022-03-27,District Rural Development Agency,Krishna Builders,12.205078,77.569604,5614.0,NORMAL
MPLAD-2026-00642,Uttar Pradesh,Agra,Agra Constituency 6,Priya Singh,Village Sanitation Infrastructure,Sanitation,3129000.0,2414986.59,1215179.62,Completed,2024-07-13,2024-08-12,2024-10-21,Zilla Parishad,Dakshin Projects,27.165349,81.376716,3260.0,NORMAL
MPLAD-2026-00916,Odisha,Ganjam,Ganjam Constituency 4,Anil Verma,Village Community Centre,Community Infrastructure,2516000.0,2011568.11,1854914.51,Completed,2023-05-24,2023-07-29,2024-01-16,State Public Works Department,Prime Development Works,20.614796,85.929447,8148.0,NORMAL
MPLAD-2026-00753,Andhra Pradesh,Visakhapatnam,Visakhapatnam Constituency 1,Anil Verma,Drainage Improvement Works,Sanitation,1852000.0,1835839.67,880946.06,Completed,2024-06-02,2024-08-05,2025-02-07,District Administration,Krishna Builders,16.423417,80.396047,7374.0,NORMAL
MPLAD-2026-00807,Odisha,Puri,Puri Constituency 1,Manoj Yadav,Village Electrification Works,Electricity,4270000.0,3917341.95,1890029.16,Completed,2025-04-09,2025-06-27,2025-10-02,Municipal Corporation,Bharat Construction Co,20.693499,85.789473,7364.0,NORMAL
MPLAD-2026-00920,Odisha,Khordha,Khordha Constituency 1,Naveen Singh,Electricity Infrastructure Improvement,Electricity,4551000.0,3545605.62,2110418.35,Delayed,2022-05-08,2022-07-04,2022-10-17,Zilla Parishad,Eastern Infrastructure,20.281147,85.730847,6191.0,NORMAL
MPLAD-2026-00625,Uttar Pradesh,Varanasi,Varanasi Constituency 3,Vijay Kumar,Sports Infrastructure Improvement,Sports Infrastructure,2646000.0,2068889.01,170472.39,Ongoing,2023-11-18,2023-12-22,2024-08-06,Rural Development Department,Krishna Builders,26.951904,80.246047,966.0,UNDER_UTILIZATION
MPLAD-2026-00875,Gujarat,Surat,Surat Constituency 3,Ramesh Naidu,Construction of Public Facility,Public Facilities,775000.0,736711.18,650643.08,Completed,2024-09-15,2024-11-06,2025-04-10,Municipal Corporation,Eastern Infrastructure,23.107812,73.021871,6968.0,NORMAL
MPLAD-2026-00761,Andhra Pradesh,Krishna,Krishna Constituency 6,Rajesh Sharma,Rural Drinking Water Facility,Drinking Water,1009000.0,776286.82,1096249.34,Completed,2024-03-14,2024-05-15,INVALID_DATE,District Administration,Greenfield Contractors,17.049465,80.861944,14449.0,EXPENDITURE_OVER_SANCTION
MPLAD-2026-00387,Gujarat,Ahmedabad,Ahmedabad Constituency 8,Kavita Joshi,Construction of Additional Classrooms,Education,4158000.0,4074516.76,2787531.55,Completed,2023-07-23,2023-09-15,2024-05-07,State Water Resources Department,Metro Civil Contractors,17.385781,78.486494,7809.0,GEOGRAPHIC_CLUSTER
MPLAD-2026-00973,Tamil Nadu,Madurai,Madurai Constituency 6,Arun Rao,Improvement of Village Road,Roads,11211752.9,9502605.28,9410634.43,Completed,2023-11-13,2023-12-01,2024-04-18,Municipal Corporation,Eastern Infrastructure,13.362407,80.104375,14196.0,EXTREME_COST
MPLAD-2026-00510,Rajasthan,Jaipur,Jaipur Constituency 3,Anil Verma,Construction of Community Health Facility,Healthcare,7485318.29,6392630.51,5084796.86,Delayed,2024-11-03,2024-12-31,2025-08-02,State Water Resources Department,Reliable Infra Solutions,26.768244,75.978175,2248.0,EXTREME_COST
MPLAD-2026-00268,Rajasthan,Udaipur,Udaipur Constituency 5,Arun Rao,School Building Improvement,Education,2357000.0,2180233.42,1796977.67,Completed,2022-09-05,2022-11-29,2023-04-18,Zilla Parishad,Dakshin Projects,26.619074,75.808629,3391.0,NORMAL
MPLAD-2026-00820,Tamil Nadu,Chennai,Chennai Constituency 7,Suresh Reddy,Village Community Centre,Community Infrastructure,2299000.0,1912257.53,1131286.39,Delayed,2024-10-13,2024-12-21,2027-04-03,Urban Local Body,Bharat Construction Co,14.010836,79.79031,8100.0,MAJOR_DELAY
MPLAD-2026-00442,Andhra Pradesh,Visakhapatnam,Visakhapatnam Constituency 4,Arun Rao,Construction of Community Hall,Community Infrastructure,1969000.0,1776112.43,972554.54,Completed,2023-12-15,2024-01-27,2024-06-06,State Water Resources Department,Bharat Construction Co,16.279752,81.069872,11193.0,NORMAL
MPLAD-2026-00497,Odisha,Ganjam,Ganjam Constituency 6,Ramesh Naidu,Canal Improvement Works,Irrigation,1451000.0,1105909.49,853565.29,Completed,2022-10-24,2022-11-15,2023-02-01,District Administration,Vardhan Construction,20.18487,85.517607,1616.0,NORMAL
MPLAD-2026-00113,West Bengal,Darjeeling,Darjeeling Constituency 6,Arun Rao,Construction of Overhead Water Tank,Drinking Water,2883000.0,2449133.04,1897540.2,Completed,2022-05-27,2022-06-25,2022-08-30,District Administration,Prime Development Works,22.360231,88.853928,9302.0,NORMAL
MPLAD-2026-00692,Rajasthan,Jaipur,Jaipur Constituency 3,Arun Rao,Village Community Centre,Community Infrastructure,1579000.0,1538699.67,920852.13,Completed,2024-01-02,2024-02-17,2024-07-22,State Public Works Department,Greenfield Contractors,27.883189,75.514728,4605.0,NORMAL
MPLAD-2026-00233,Rajasthan,Jodhpur,Jodhpur Constituency 3,Kavita Joshi,Construction of Minor Irrigation Facility,Irrigation,4662000.0,4152307.92,2078210.27,Delayed,2022-08-09,2022-10-31,2023-03-28,District Administration,Unity Infrastructure,26.861852,75.687864,10828.0,CONTRACTOR_CONCENTRATION
MPLAD-2026-00870,Odisha,Khordha,Khordha Constituency 3,Deepak Gupta,Construction of Community Hall,Community Infrastructure,1974000.0,1636118.44,924491.88,Completed,2022-03-04,2022-04-13,2022-08-28,Zilla Parishad,Sunrise Engineering,20.723738,86.594276,3659.0,NORMAL
MPLAD-2026-00608,Karnataka,Belagavi,Belagavi Constituency 4,Arun Rao,Renovation of Public Building,Public Facilities,3207000.0,2522201.83,1974065.21,Completed,2025-06-30,2025-07-19,2026-02-17,District Rural Development Agency,Saksham Projects,12.838873,78.156084,4580.0,NORMAL
MPLAD-2026-00672,Karnataka,Belagavi,Belagavi Constituency 5,Vijay Kumar,Water Conservation Structure,Irrigation,680000.0,631169.62,499530.83,Completed,2022-05-05,2022-06-15,2023-01-17,State Water Resources Department,National Projects Ltd,13.168222,78.130391,1695.0,NORMAL
MPLAD-2026-00374,Rajasthan,Jodhpur,Jodhpur Constituency 4,Kavita Joshi,Construction of CC Road,Roads,3071000.0,3055145.92,2182820.22,Completed,2021-06-29,2021-09-13,2022-05-07,Rural Development Department,Metro Civil Contractors,26.996445,75.447378,7096.0,NORMAL
MPLAD-2026-DUP-0019,Andhra Pradesh,Krishna,Krishna Constituency 2,Ramesh Naidu,Village Irrigation Infrastructure - Phase II,Irrigation,2350195.1,2264405.39,2063526.47,Completed,2024-11-18,2024-12-19,2025-04-10,State Water Resources Department,Sunrise Engineering,16.942945,80.503705,6850.0,SIMILAR_DUPLICATE
MPLAD-2026-00843,Gujarat,Ahmedabad,Ahmedabad Constituency 1,Arun Rao,Construction of Public Facility,Public Facilities,1818000.0,1544571.32,1330119.76,Completed,2025-04-24,2025-05-14,2025-10-14,State Water Resources Department,Dakshin Projects,22.491932,73.105856,7121.0,NORMAL
MPLAD-2026-00234,West Bengal,Murshidabad,Murshidabad Constituency 1,Suresh Reddy,Drainage Improvement Works,Sanitation,1147000.0,1034781.9,824545.91,Completed,2021-03-21,2021-05-25,2021-10-16,State Water Resources Department,Shree Infrastructure Pvt Ltd,22.848975,88.704778,4500.0,NORMAL
MPLAD-2026-00786,Andhra Pradesh,Guntur,Guntur Constituency 2,Deepak Gupta,Village Electrification Works,Electricity,690000.0,566332.98,261715.03,Completed,2024-07-17,2024-09-01,2024-11-08,District Administration,Bharat Construction Co,16.857419,80.03557,10836.0,NORMAL
MPLAD-2026-00677,Gujarat,Rajkot,Rajkot Constituency 2,Rajesh Sharma,Construction of Additional Classrooms,Education,4629000.0,4539302.42,3786269.94,Completed,2022-02-13,2022-04-20,2022-09-11,State Water Resources Department,Unity Infrastructure,17.380122,78.486431,3583.0,GEOGRAPHIC_CLUSTER
MPLAD-2026-00318,Uttar Pradesh,Agra,Agra Constituency 5,Vijay Kumar,Road Widening and Improvement,Roads,1046000.0,1011316.88,942100.61,Completed,2022-02-12,2022-05-11,2022-12-04,Municipal Corporation,Unity Infrastructure,26.391253,80.201514,12884.0,CONTRACTOR_CONCENTRATION
MPLAD-2026-00649,Andhra Pradesh,Nellore,Nellore Constituency 4,Ramesh Naidu,Village Sanitation Infrastructure,Sanitation,1652000.0,1245458.7,969787.37,Completed,2025-05-13,2025-08-10,2025-11-05,District Administration,Reliable Infra Solutions,16.913584,80.469376,10812.0,NORMAL
MPLAD-2026-00411,Andhra Pradesh,Guntur,Guntur Constituency 7,Anil Verma,Construction of School Laboratory,Education,4571000.0,4084920.15,2890863.27,Completed,2025-04-28,2025-07-14,2026-01-12,District Rural Development Agency,Eastern Infrastructure,16.26722,81.234206,8949.0,NORMAL
MPLAD-2026-00899,Rajasthan,Jodhpur,Jodhpur Constituency 5,Rohit Mehta,Construction of Citizen Service Centre,Public Facilities,2017000.0,1733495.07,1093370.13,Delayed,2021-11-23,2021-12-29,2023-06-15,Rural Development Department,Apex Civil Works,26.768826,75.429088,14990.0,MAJOR_DELAY
MPLAD-2026-00710,Odisha,Puri,Puri Constituency 5,Ramesh Naidu,Renovation of Public Building,Public Facilities,4315000.0,3350231.24,1725470.45,Delayed,2023-01-15,2023-03-20,2023-09-11,Zilla Parishad,Saksham Projects,20.983911,86.053026,12879.0,NORMAL
MPLAD-2026-00359,Odisha,Puri,Puri Constituency 8,Deepak Gupta,School Building Improvement,Education,3436000.0,3076105.37,2436350.26,Completed,2022-02-19,2022-03-23,2022-08-09,Municipal Corporation,Unity Infrastructure,20.347502,85.892136,7146.0,CONTRACTOR_CONCENTRATION
MPLAD-2026-00259,Odisha,Ganjam,Ganjam Constituency 6,Kavita Joshi,Improvement of Village Road,Roads,2674000.0,2331810.08,2084164.77,Completed,2023-06-22,2023-07-12,2023-09-26,State Public Works Department,Unity Infrastructure,20.521513,85.3846,11643.0,CONTRACTOR_CONCENTRATION
MPLAD-2026-00745,Andhra Pradesh,Krishna,Krishna Constituency 4,Deepak Gupta,Construction of Community Hall,Community Infrastructure,1560000.0,1198435.64,1107353.09,Delayed,2024-06-03,2024-06-22,2024-11-17,District Rural Development Agency,Krishna Builders,,81.168163,14641.0,DATA_QUALITY
MPLAD-2026-00628,West Bengal,Kolkata,Kolkata Constituency 7,Manoj Yadav,Development of Community Sports Facility,Sports Infrastructure,2658000.0,2335725.13,2216549.92,Completed,2023-12-27,2024-01-26,2024-07-07,State Public Works Department,Unity Infrastructure,23.125051,87.819562,11800.0,CONTRACTOR_CONCENTRATION
MPLAD-2026-00633,Andhra Pradesh,Krishna,Krishna Constituency 5,Priya Singh,Public Infrastructure Improvement,Public Facilities,2184000.0,1837014.65,1646142.75,Delayed,2024-01-04,2024-02-22,2024-05-19,State Water Resources Department,Greenfield Contractors,16.576212,79.963828,2751.0,NORMAL
MPLAD-2026-00283,Gujarat,Surat,Surat Constituency 2,Amit Kumar,Construction of Approach Road,Roads,3185000.0,,2600969.31,Completed,2022-09-17,2022-10-28,2023-03-25,Municipal Corporation,Dakshin Projects,23.563046,72.387766,2737.0,DATA_QUALITY
MPLAD-2026-00377,Tamil Nadu,Madurai,Madurai Constituency 5,Sunita Das,Pipeline Extension for Drinking Water,Drinking Water,1851000.0,1642759.54,1369266.85,Completed,2021-08-22,2021-10-18,2022-03-14,State Public Works Department,Vardhan Construction,17.381785,78.485175,13732.0,GEOGRAPHIC_CLUSTER
MPLAD-2026-00385,Gujarat,Vadodara,Vadodara Constituency 6,Anil Verma,Construction of School Laboratory,Education,3083000.0,2444260.19,1480460.97,Completed,2022-11-25,2023-02-17,2023-08-09,State Water Resources Department,Shree Infrastructure Pvt Ltd,22.740365,73.387002,14899.0,NORMAL
MPLAD-2026-00225,West Bengal,Howrah,Howrah Constituency 3,Arun Rao,Installation of Drinking Water Supply System,Drinking Water,1827000.0,1515823.95,1403396.9,Delayed,2021-06-01,2021-07-29,2021-11-09,District Rural Development Agency,National Projects Ltd,22.34136,87.887254,9062.0,NORMAL
MPLAD-2026-00954,West Bengal,Murshidabad,Murshidabad Constituency 3,Suresh Reddy,Village Electrification Works,Electricity,4773000.0,4621888.92,3901487.35,Completed,2023-02-21,2023-03-27,2023-09-05,Municipal Corporation,Krishna Builders,21.865706,87.856855,2574.0,NORMAL
MPLAD-2026-00815,Karnataka,Dharwad,Dharwad Constituency 3,Sunita Das,Road Widening and Improvement,Roads,4141000.0,3578285.39,2640712.36,Completed,2023-06-10,2023-08-15,2024-02-12,Urban Local Body,Sunrise Engineering,13.002135,77.978348,9945.0,NORMAL
MPLAD-2026-00473,West Bengal,Howrah,Howrah Constituency 8,Anil Verma,Sports Infrastructure Improvement,Sports Infrastructure,4706000.0,4384362.63,2104234.64,Completed,2022-02-15,2022-04-17,2022-10-12,Rural Development Department,National Projects Ltd,23.403587,87.882362,13930.0,NORMAL
MPLAD-2026-00348,Rajasthan,Kota,Kota Constituency 2,Rohit Mehta,Construction of Primary Health Centre,Healthcare,3352000.0,3043778.25,1452076.95,Completed,2023-12-10,2023-12-30,2024-05-19,Urban Local Body,National Projects Ltd,27.179296,75.648004,8331.0,NORMAL
MPLAD-2026-00506,Andhra Pradesh,Krishna,Krishna Constituency 1,Priya Singh,Renovation of Public Building,Public Facilities,3424000.0,2941034.93,2244096.63,Completed,2025-06-06,2025-08-28,2025-12-14,State Water Resources Department,Metro Civil Contractors,17.092827,80.68892,2527.0,NORMAL
MPLAD-2026-00640,Rajasthan,Jaipur,Jaipur Constituency 5,Rajesh Sharma,Waste Management Facility,Sanitation,1763000.0,1476964.05,973374.1,Completed,2022-10-18,2022-11-08,2023-02-22,Urban Local Body,Shree Infrastructure Pvt Ltd,26.998822,75.648198,3573.0,NORMAL
MPLAD-2026-DUP-0013,Andhra Pradesh,Guntur,Guntur Constituency 3,Anil Verma,Drainage Improvement Works - Phase II,Sanitation,1097302.79,1002994.15,584870.6,Delayed,2022-01-03,2022-03-21,2024-08-05,District Rural Development Agency,Shree Infrastructure Pvt Ltd,16.980004,81.126183,12629.0,SIMILAR_DUPLICATE
MPLAD-2026-00929,Karnataka,Belagavi,Belagavi Constituency 6,Amit Kumar,Construction of Additional Classrooms,Education,3579000.0,2689530.46,1214889.09,Completed,2021-04-30,2021-07-03,2022-01-24,State Public Works Department,Apex Civil Works,13.598209,77.482079,9334.0,NORMAL
MPLAD-2026-00906,Gujarat,Rajkot,Rajkot Constituency 1,Naveen Singh,Community Infrastructure Development,Community Infrastructure,4404000.0,3465816.01,2741472.61,Completed,2021-05-14,2021-07-03,2022-01-24,State Public Works Department,Dakshin Projects,22.805123,72.637457,11791.0,NORMAL
MPLAD-2026-00620,Andhra Pradesh,Krishna,Krishna Constituency 3,Anil Verma,Renovation of Health Sub Centre,Healthcare,3210000.0,2580872.07,1624743.06,Completed,2021-09-21,2021-11-29,2022-02-16,District Administration,Sunrise Engineering,16.756042,81.332778,10745.0,NORMAL
MPLAD-2026-00856,Uttar Pradesh,Varanasi,Varanasi Constituency 8,Suresh Reddy,Construction of Additional Classrooms,Education,3922000.0,3601353.15,1790895.26,Completed,2023-06-27,2023-08-24,2024-04-03,Municipal Corporation,Eastern Infrastructure,27.344886,80.892028,3271.0,NORMAL
MPLAD-2026-00804,Andhra Pradesh,Nellore,Nellore Constituency 1,Manoj Yadav,Drainage Improvement Works,Sanitation,2292000.0,2289557.79,1836528.13,Completed,2022-07-16,2022-08-07,2023-03-01,State Water Resources Department,Eastern Infrastructure,16.555202,81.331105,10054.0,NORMAL
MPLAD-2026-00646,Odisha,Puri,Puri Constituency 4,Suresh Reddy,Improvement of Village Road,Roads,3074000.0,2760538.65,1254473.41,Completed,2025-06-08,2025-08-27,2026-02-19,Rural Development Department,Unity Infrastructure,20.47096,86.94635,5071.0,CONTRACTOR_CONCENTRATION
MPLAD-2026-00847,Karnataka,Mysuru,Mysuru Constituency 5,Rohit Mehta,Solar Lighting Installation,Electricity,3365000.0,2547308.96,1415873.34,Completed,2022-09-13,2022-10-16,2023-05-13,District Administration,Unity Infrastructure,13.363684,76.988909,7914.0,NORMAL
MPLAD-2026-00557,Tamil Nadu,Chennai,Chennai Constituency 3,Rohit Mehta,Construction of Community Toilet,Sanitation,594000.0,546101.68,349210.93,Delayed,2025-06-01,2025-06-30,2025-11-23,State Water Resources Department,Sunrise Engineering,13.47423,80.493757,4034.0,NORMAL
MPLAD-2026-00958,Uttar Pradesh,Kanpur Nagar,Kanpur Nagar Constituency 6,Kavita Joshi,Construction of Public Facility,Public Facilities,580000.0,488651.23,280023.99,Delayed,2022-10-31,2022-12-14,2025-03-30,State Water Resources Department,Dakshin Projects,26.036224,80.701997,12991.0,MAJOR_DELAY
MPLAD-2026-00578,Telangana,Hyderabad,Hyderabad Constituency 5,Suresh Reddy,Construction of Citizen Service Centre,Public Facilities,1301000.0,1208112.59,1082884.29,Completed,2023-12-27,2024-02-07,2024-07-29,District Rural Development Agency,Eastern Infrastructure,18.123907,78.941118,6499.0,NORMAL
MPLAD-2026-00796,Karnataka,Mysuru,Mysuru Constituency 8,Amit Kumar,Community Infrastructure Development,Community Infrastructure,1307000.0,1133983.73,1073491.55,Completed,2021-01-12,2021-03-07,2021-11-01,District Rural Development Agency,Reliable Infra Solutions,12.489137,76.279992,8910.0,NORMAL
MPLAD-2026-00086,Odisha,Khordha,Khordha Constituency 2,Anil Verma,Public Infrastructure Improvement,Public Facilities,2685000.0,2310472.16,1355284.67,Completed,2025-03-27,2025-06-15,2025-09-12,Rural Development Department,Bharat Construction Co,19.895819,85.457385,11211.0,NORMAL
MPLAD-2026-00243,Andhra Pradesh,Visakhapatnam,Visakhapatnam Constituency 6,Manoj Yadav,Construction of Additional Classrooms,Education,3449000.0,3446817.73,1998165.52,Completed,2023-05-08,2023-07-13,2023-12-19,Zilla Parishad,Vardhan Construction,16.159642,79.959986,5722.0,NORMAL
MPLAD-2026-00699,Odisha,Puri,Puri Constituency 6,Naveen Singh,Rural Drinking Water Facility,Drinking Water,1253000.0,950325.32,670624.06,Completed,2024-04-16,2024-06-22,2024-11-04,Urban Local Body,Dakshin Projects,19.689893,85.387274,6625.0,NORMAL
MPLAD-2026-00160,Uttar Pradesh,Agra,Agra Constituency 7,Rajesh Sharma,Community Infrastructure Development,Community Infrastructure,2565000.0,2079707.06,1660891.82,Delayed,2022-09-07,2022-10-02,2023-05-17,State Public Works Department,Greenfield Contractors,26.992575,80.887636,1631.0,NORMAL
MPLAD-2026-00525,Maharashtra,Aurangabad,Aurangabad Constituency 7,Arun Rao,Public Infrastructure Improvement,Public Facilities,4207000.0,3307066.1,1698383.44,Delayed,2024-12-27,2025-03-10,2025-06-11,District Rural Development Agency,Unity Infrastructure,19.740443,73.498741,11478.0,CONTRACTOR_CONCENTRATION
MPLAD-2026-00036,Andhra Pradesh,Krishna,Krishna Constituency 7,Meena Patel,Construction of Minor Irrigation Facility,Irrigation,4355000.0,4099791.09,2624647.37,Completed,2021-01-13,2021-03-14,2021-07-28,District Administration,Eastern Infrastructure,16.662628,81.292116,8918.0,NORMAL
MPLAD-2026-00541,Telangana,Nalgonda,Nalgonda Constituency 7,Rohit Mehta,Village Irrigation Infrastructure,Irrigation,2240000.0,2149921.64,1840192.87,Completed,2021-01-18,2021-02-17,2021-08-14,State Water Resources Department,Apex Civil Works,17.228107,78.329534,253.0,NORMAL
MPLAD-2026-00171,Telangana,Warangal,Warangal Constituency 3,Manoj Yadav,Construction of Sports Ground,Sports Infrastructure,4789000.0,4144427.21,3332880.09,Completed,2023-06-17,2023-08-08,2024-04-01,District Administration,Eastern Infrastructure,17.015001,78.596359,11126.0,NORMAL
MPLAD-2026-00655,Maharashtra,Pune,Pune Constituency 1,Rohit Mehta,Construction of CC Road,Roads,2951000.0,2288918.13,2044526.76,Delayed,2023-05-01,2023-06-03,2023-08-02,Zilla Parishad,Shree Infrastructure Pvt Ltd,19.564653,73.091314,7098.0,NORMAL
MPLAD-2026-00891,Telangana,Nalgonda,Nalgonda Constituency 5,Amit Kumar,Solar Lighting Installation,Electricity,1008000.0,873564.47,648612.26,Completed,2024-12-24,2025-03-11,2025-07-23,District Rural Development Agency,Bharat Construction Co,16.752157,78.449302,12089.0,NORMAL
MPLAD-2026-00858,Rajasthan,Jodhpur,Jodhpur Constituency 3,Kavita Joshi,Construction of School Laboratory,Education,4805000.0,4782361.73,3714677.07,Completed,2025-06-04,2025-08-11,2025-12-17,State Water Resources Department,Sunrise Engineering,26.671502,75.74656,14128.0,NORMAL
MPLAD-2026-00848,Odisha,Cuttack,Cuttack Constituency 6,Manoj Yadav,Construction of School Laboratory,Education,2855000.0,2411032.33,2201371.73,Completed,2024-08-20,2024-09-25,2025-04-07,District Administration,Prime Development Works,20.352971,86.697018,333.0,NORMAL
MPLAD-2026-00945,Uttar Pradesh,Kanpur Nagar,Kanpur Nagar Constituency 6,Ramesh Naidu,Village Sanitation Infrastructure,Sanitation,2700000.0,2205003.96,1999230.07,Delayed,2024-10-07,2024-11-01,2025-06-19,District Rural Development Agency,Unity Infrastructure,26.633472,80.939696,476.0,CONTRACTOR_CONCENTRATION
MPLAD-2026-00734,West Bengal,Darjeeling,Darjeeling Constituency 5,Manoj Yadav,Rural Drinking Water Facility,Drinking Water,2153000.0,1762866.36,1133365.11,Completed,2025-06-27,2025-07-25,2026-01-19,Municipal Corporation,Krishna Builders,23.324057,88.541502,558.0,NORMAL
MPLAD-2026-00096,Maharashtra,Nagpur,Nagpur Constituency 6,Rajesh Sharma,Canal Improvement Works,Irrigation,4625000.0,3827455.45,2977865.06,Completed,2024-09-18,2024-11-22,2025-02-23,Rural Development Department,Bharat Construction Co,,73.263079,9257.0,DATA_QUALITY
MPLAD-2026-00564,Telangana,Nalgonda,Nalgonda Constituency 2,Sunita Das,Village Sanitation Infrastructure,Sanitation,943000.0,724070.45,339690.91,Completed,2022-02-15,2022-04-13,2022-08-01,Rural Development Department,Sunrise Engineering,17.521186,78.147276,12309.0,NORMAL
MPLAD-2026-00241,Maharashtra,Nagpur,Nagpur Constituency 8,Anil Verma,Sports Infrastructure Improvement,Sports Infrastructure,3130000.0,2353249.48,2234915.6,Completed,2023-02-06,2023-05-03,2023-12-14,Rural Development Department,Sunrise Engineering,19.018437,72.447707,11313.0,NORMAL
MPLAD-2026-00743,Telangana,Karimnagar,Karimnagar Constituency 4,Amit Kumar,Village Irrigation Infrastructure,Irrigation,601000.0,574154.5,341592.21,Completed,2022-05-30,2022-08-02,2023-03-30,Municipal Corporation,Eastern Infrastructure,17.486108,78.906366,4819.0,NORMAL
MPLAD-2026-00575,West Bengal,Murshidabad,Murshidabad Constituency 2,Vijay Kumar,Installation of Drinking Water Supply System,Drinking Water,2770000.0,2617311.12,1714464.5,Completed,2021-12-04,2022-01-20,2022-05-13,State Public Works Department,Prime Development Works,23.290127,87.982767,1299.0,NORMAL
MPLAD-2026-00691,Gujarat,Surat,Surat Constituency 6,Priya Singh,Installation of Drinking Water Supply System,Drinking Water,615000.0,463023.99,386632.49,Completed,2021-11-10,2021-11-28,2022-07-04,District Rural Development Agency,Dakshin Projects,23.327567,72.35184,9468.0,NORMAL
MPLAD-2026-00461,Odisha,Ganjam,Ganjam Constituency 2,Priya Singh,Village Electrification Works,Electricity,1753000.0,1627438.66,1205865.83,Completed,2022-07-14,2022-09-18,2023-02-16,District Administration,Unity Infrastructure,20.779234,85.362568,8038.0,CONTRACTOR_CONCENTRATION
MPLAD-2026-00554,Uttar Pradesh,Agra,Agra Constituency 5,Meena Patel,Village Community Centre,Community Infrastructure,972000.0,941893.63,852669.47,Completed,2023-10-13,2023-11-25,2024-01-24,Zilla Parishad,Reliable Infra Solutions,27.122448,80.472163,7743.0,NORMAL
MPLAD-2026-00889,Odisha,Cuttack,Cuttack Constituency 4,Rohit Mehta,Construction of Community Hall,Community Infrastructure,1518000.0,1498664.51,779635.5,Delayed,2023-04-03,2023-05-03,2023-11-28,Zilla Parishad,National Projects Ltd,20.020804,85.807833,7364.0,NORMAL
MPLAD-2026-00207,Tamil Nadu,Coimbatore,Coimbatore Constituency 7,Arun Rao,Improvement of Village Road,Roads,3702000.0,2862596.15,2606786.55,Delayed,2023-12-01,2024-02-06,2024-10-02,District Rural Development Agency,Prime Development Works,12.392349,80.845655,9615.0,NORMAL
MPLAD-2026-00393,Odisha,Ganjam,Ganjam Constituency 4,Priya Singh,Construction of Public Utility Building,Community Infrastructure,3066000.0,2999471.07,1806506.64,Completed,2023-06-10,2023-08-08,2023-10-29,District Administration,Vardhan Construction,20.548006,86.310851,13987.0,NORMAL
MPLAD-2026-00795,Uttar Pradesh,Agra,Agra Constituency 3,Suresh Reddy,Village Sanitation Infrastructure,Sanitation,4113000.0,4063639.23,2582957.41,Completed,2024-05-23,2024-07-09,2025-01-05,Urban Local Body,Dakshin Projects,26.474284,80.984965,12334.0,NORMAL
MPLAD-2026-00398,Andhra Pradesh,Visakhapatnam,Visakhapatnam Constituency 6,Rajesh Sharma,Water Conservation Structure,Irrigation,4828000.0,3717636.17,3030218.23,Completed,2023-12-15,2024-02-03,2024-07-31,District Rural Development Agency,Saksham Projects,16.013525,81.073919,4117.0,NORMAL
MPLAD-2026-00767,Odisha,Cuttack,Cuttack Constituency 5,Sunita Das,Waste Management Facility,Sanitation,1912000.0,1472959.85,972906.62,Completed,2021-10-31,2022-01-27,2022-08-01,Zilla Parishad,Metro Civil Contractors,17.385,78.486681,14843.0,GEOGRAPHIC_CLUSTER
MPLAD-2026-00849,Telangana,Nalgonda,Nalgonda Constituency 4,Anil Verma,Renovation of Health Sub Centre,Healthcare,1175000.0,1060038.36,863275.0,Completed,2021-09-02,2021-10-12,2022-03-12,State Public Works Department,Vardhan Construction,16.934851,78.181715,13862.0,NORMAL
MPLAD-2026-00218,Karnataka,Mysuru,Mysuru Constituency 4,Kavita Joshi,Construction of Public Utility Building,Community Infrastructure,4613000.0,3492279.23,2794802.62,Completed,2024-03-08,2024-06-03,2024-09-07,State Water Resources Department,Apex Civil Works,13.647661,77.627943,8982.0,NORMAL
MPLAD-2026-00005,Uttar Pradesh,Agra,Agra Constituency 4,Manoj Yadav,Construction of Community Toilet,Sanitation,3241000.0,2569415.09,2092951.49,Completed,2021-12-01,2022-02-13,2022-07-20,Zilla Parishad,Dakshin Projects,26.635437,81.190352,11316.0,NORMAL
MPLAD-2026-00769,Karnataka,Bengaluru Urban,Bengaluru Urban Constituency 3,Deepak Gupta,Sports Infrastructure Improvement,Sports Infrastructure,4569000.0,3831526.59,2494932.08,Completed,2024-02-15,2024-03-31,2024-08-13,Urban Local Body,Unity Infrastructure,13.20272,77.354885,9790.0,CONTRACTOR_CONCENTRATION
MPLAD-2026-00643,West Bengal,Kolkata,Kolkata Constituency 2,Deepak Gupta,Village Irrigation Infrastructure,Irrigation,1857000.0,1612896.66,1339501.01,Completed,2023-12-29,2024-02-01,2024-04-12,Rural Development Department,Krishna Builders,22.218905,87.764845,14707.0,NORMAL
MPLAD-2026-00930,Gujarat,Ahmedabad,Ahmedabad Constituency 1,Manoj Yadav,Public Infrastructure Improvement,Public Facilities,7867880.09,7117155.41,5192699.65,Completed,2025-03-13,2025-04-27,2025-12-17,Urban Local Body,Sunrise Engineering,23.152412,72.688545,10531.0,EXTREME_COST
MPLAD-2026-00613,Telangana,Nalgonda,Nalgonda Constituency 8,Suresh Reddy,Construction of CC Road,Roads,4911000.0,4481407.58,3346249.99,Completed,2021-11-01,2022-01-06,2022-05-08,District Administration,Unity Infrastructure,17.301621,78.428281,8105.0,CONTRACTOR_CONCENTRATION
MPLAD-2026-00739,Tamil Nadu,Chennai,Chennai Constituency 3,Ramesh Naidu,Village Electrification Works,Electricity,4651000.0,3560255.21,2048008.06,Completed,2021-03-18,2021-04-11,2021-10-01,State Public Works Department,Vardhan Construction,13.028273,80.45949,2951.0,NORMAL
MPLAD-2026-00547,Tamil Nadu,Coimbatore,Coimbatore Constituency 6,Anil Verma,Installation of Drinking Water Supply System,Drinking Water,625000.0,536242.02,247750.12,Completed,2025-06-21,2025-08-17,2025-12-19,Zilla Parishad,Prime Development Works,13.410133,80.294076,5683.0,NORMAL
MPLAD-2026-00726,Rajasthan,Kota,Kota Constituency 7,Naveen Singh,Pipeline Extension for Drinking Water,Drinking Water,4641000.0,4173464.26,2239693.7,Completed,2023-06-12,2023-08-07,2024-03-02,Zilla Parishad,Metro Civil Contractors,27.051375,76.553297,4196.0,NORMAL
MPLAD-2026-00684,Uttar Pradesh,Lucknow,Lucknow Constituency 5,Naveen Singh,Construction of Community Toilet,Sanitation,3647000.0,3326895.22,2255630.78,Completed,2023-04-21,2023-06-20,2023-11-17,Urban Local Body,Krishna Builders,26.834413,80.526229,1957.0,NORMAL
MPLAD-2026-00099,Rajasthan,Jodhpur,Jodhpur Constituency 3,Suresh Reddy,Canal Improvement Works,Irrigation,3745000.0,2849657.04,4855462.36,Completed,2025-01-13,2025-02-27,2025-08-19,State Water Resources Department,Metro Civil Contractors,26.514664,75.856476,3933.0,EXPENDITURE_OVER_SANCTION
MPLAD-2026-00805,West Bengal,Murshidabad,Murshidabad Constituency 3,Arun Rao,Construction of Sports Ground,Sports Infrastructure,672000.0,508844.61,456501.07,Completed,2021-11-10,2021-12-17,2022-03-20,District Rural Development Agency,Eastern Infrastructure,22.717986,88.250341,1018.0,NORMAL
MPLAD-2026-00728,Uttar Pradesh,Agra,Agra Constituency 8,Vijay Kumar,Village Electrification Works,Electricity,2392000.0,2039334.66,945917.79,Completed,2024-02-19,2024-03-08,2024-08-22,Rural Development Department,National Projects Ltd,27.101179,80.153857,12988.0,NORMAL
MPLAD-2026-00574,Rajasthan,Jodhpur,Jodhpur Constituency 2,Meena Patel,Improvement of Village Road,Roads,4485000.0,3540831.51,3155864.93,Delayed,2024-01-07,2024-02-28,2024-10-15,Zilla Parishad,Reliable Infra Solutions,26.419076,75.139277,14988.0,NORMAL
MPLAD-2026-00407,Andhra Pradesh,Guntur,Guntur Constituency 1,Kavita Joshi,Construction of Primary Health Centre,Healthcare,3686000.0,2875058.91,2524935.42,Completed,2021-09-24,2021-11-26,2022-07-12,Municipal Corporation,Greenfield Contractors,17.15114,80.68845,14780.0,NORMAL
MPLAD-2026-00503,West Bengal,Howrah,Howrah Constituency 3,Rohit Mehta,Installation of Street Lighting,Electricity,875000.0,848040.23,507826.64,Delayed,2024-04-17,2024-06-29,2026-07-31,Rural Development Department,Metro Civil Contractors,22.8868,88.540968,5692.0,MAJOR_DELAY
MPLAD-2026-00048,Tamil Nadu,Madurai,Madurai Constituency 4,Vijay Kumar,Construction of School Laboratory,Education,564000.0,498313.05,292587.33,Completed,2021-04-22,2021-07-16,2021-11-27,State Water Resources Department,National Projects Ltd,12.906251,79.612118,1780.0,NORMAL
MPLAD-2026-00033,Gujarat,Rajkot,Rajkot Constituency 1,Deepak Gupta,Construction of Primary Health Centre,Healthcare,2554000.0,2427204.5,1902415.86,Completed,2024-02-19,2024-04-14,2024-10-04,District Administration,Reliable Infra Solutions,23.388137,73.181708,13708.0,NORMAL
MPLAD-2026-00780,Gujarat,Surat,Surat Constituency 5,Rohit Mehta,Healthcare Facility Improvement,Healthcare,3506000.0,3059179.56,2340314.42,Completed,2024-05-09,2024-07-08,2025-01-23,Zilla Parishad,Bharat Construction Co,23.69421,72.449394,1941.0,NORMAL
MPLAD-2026-00840,Odisha,Ganjam,Ganjam Constituency 2,Vijay Kumar,Construction of Approach Road,Roads,4476000.0,4088955.85,2968699.22,Completed,2022-01-31,2022-03-07,2022-08-31,Zilla Parishad,Eastern Infrastructure,20.74534,85.630271,2970.0,NORMAL
MPLAD-2026-00201,Telangana,Hyderabad,Hyderabad Constituency 6,Sunita Das,Solar Lighting Installation,Electricity,2857000.0,2330561.79,2184960.63,Completed,2024-07-09,2024-08-02,2025-02-05,State Public Works Department,Unity Infrastructure,16.667508,78.216981,8285.0,NORMAL
MPLAD-2026-00135,Karnataka,Bengaluru Urban,Bengaluru Urban Constituency 3,Meena Patel,Public Infrastructure Improvement,Public Facilities,3427000.0,3217876.8,1910204.13,Completed,2022-08-08,2022-08-30,2022-11-20,State Public Works Department,Apex Civil Works,12.77358,77.653433,2968.0,NORMAL
MPLAD-2026-00028,Uttar Pradesh,Varanasi,Varanasi Constituency 2,Meena Patel,Canal Improvement Works,Irrigation,1646000.0,1526165.14,688064.9,Completed,2024-01-08,2024-02-17,2024-07-19,Urban Local Body,Greenfield Contractors,27.31065,81.365276,10309.0,NORMAL
MPLAD-2026-00881,Odisha,Puri,Puri Constituency 3,Vijay Kumar,Solar Lighting Installation,Electricity,3475000.0,3109576.44,2852452.42,Completed,2021-03-12,2021-05-15,2021-12-22,Municipal Corporation,Apex Civil Works,21.034084,86.158457,334.0,NORMAL
MPLAD-2026-00231,Andhra Pradesh,Krishna,Krishna Constituency 2,Sunita Das,Renovation of Public Building,Public Facilities,4771000.0,3777635.8,2100158.04,Completed,2022-01-30,2022-03-02,2022-05-11,District Administration,Greenfield Contractors,17.384126,80.615869,3408.0,NORMAL
MPLAD-2026-00490,Maharashtra,Aurangabad,Aurangabad Constituency 5,Meena Patel,Village Community Centre,Community Infrastructure,4856000.0,4321306.31,3198818.71,Completed,2022-06-18,2022-07-24,2023-01-28,State Water Resources Department,Unity Infrastructure,18.363244,73.219887,2261.0,NORMAL
MPLAD-2026-00773,Andhra Pradesh,Krishna,Krishna Constituency 7,Deepak Gupta,Waste Management Facility,Sanitation,948000.0,778495.46,396468.69,Completed,2022-07-15,2022-09-30,2023-03-21,Rural Development Department,National Projects Ltd,16.229005,80.810948,4350.0,NORMAL
MPLAD-2026-00379,Rajasthan,Jaipur,Jaipur Constituency 5,Kavita Joshi,Construction of Community Hall,Community Infrastructure,1437000.0,1324013.47,1125103.84,Delayed,2025-06-18,2025-08-17,2025-11-01,State Public Works Department,Sunrise Engineering,27.134393,75.870476,5656.0,NORMAL
MPLAD-2026-00289,Maharashtra,Aurangabad,Aurangabad Constituency 3,Vijay Kumar,Electricity Infrastructure Improvement,Electricity,4511000.0,4048172.25,3556651.58,Completed,2021-10-02,2021-12-15,2022-06-21,Urban Local Body,Krishna Builders,19.182027,73.224589,8327.0,NORMAL
MPLAD-2026-00419,Maharashtra,Nagpur,Nagpur Constituency 7,Suresh Reddy,Village Community Centre,Community Infrastructure,2474000.0,2428030.32,1142022.72,Completed,2021-07-24,2021-09-25,2022-01-03,District Rural Development Agency,Prime Development Works,19.773725,72.428441,204.0,NORMAL
MPLAD-2026-00675,Odisha,Cuttack,Cuttack Constituency 8,Vijay Kumar,Construction of Indoor Sports Hall,Sports Infrastructure,2182000.0,2008640.59,1412016.52,Delayed,2022-06-23,2022-07-13,2023-02-16,Zilla Parishad,Shree Infrastructure Pvt Ltd,19.681005,85.723356,11564.0,NORMAL
MPLAD-2026-00392,Telangana,Karimnagar,Karimnagar Constituency 6,Arun Rao,Construction of CC Road,Roads,1479000.0,1160614.46,859300.31,Completed,2025-03-27,2025-04-11,2025-07-17,Rural Development Department,Prime Development Works,17.556089,78.761464,6489.0,NORMAL
MPLAD-2026-00593,Andhra Pradesh,Krishna,Krishna Constituency 5,Kavita Joshi,Renovation of Public Building,Public Facilities,1644000.0,1480483.37,1370763.45,Completed,2021-11-27,2021-12-13,2022-03-12,District Administration,Greenfield Contractors,16.054667,81.023347,6615.0,NORMAL
MPLAD-2026-00499,Maharashtra,Aurangabad,Aurangabad Constituency 7,Ramesh Naidu,Village Sanitation Infrastructure,Sanitation,2116000.0,1637842.98,1037947.63,Delayed,2022-02-14,2022-05-02,2022-10-23,Rural Development Department,Unity Infrastructure,19.884959,73.166079,9325.0,CONTRACTOR_CONCENTRATION
MPLAD-2026-00139,Andhra Pradesh,Nellore,Nellore Constituency 7,Priya Singh,Construction of Citizen Service Centre,Public Facilities,4793000.0,3956556.6,3210513.29,Completed,2021-01-24,2021-03-13,2021-10-26,State Public Works Department,Apex Civil Works,16.589577,80.329902,11041.0,NORMAL
MPLAD-2026-00063,Karnataka,Dharwad,Dharwad Constituency 3,Rajesh Sharma,Construction of Citizen Service Centre,Public Facilities,2024000.0,1868508.53,1447941.5,Delayed,2022-11-04,2023-01-26,2023-07-02,State Water Resources Department,Greenfield Contractors,13.235686,78.580305,14393.0,NORMAL
MPLAD-2026-00472,Gujarat,Vadodara,Vadodara Constituency 4,Meena Patel,Solar Lighting Installation,Electricity,3312000.0,2859273.29,2378117.95,Completed,2022-01-05,2022-01-22,2022-08-30,Municipal Corporation,Eastern Infrastructure,17.38365,78.486411,9551.0,GEOGRAPHIC_CLUSTER
MPLAD-2026-00648,Tamil Nadu,Coimbatore,Coimbatore Constituency 2,Amit Kumar,Construction of Public Utility Building,Community Infrastructure,1961000.0,1934736.24,1725771.56,Delayed,2022-06-25,2022-07-27,2023-01-07,Urban Local Body,Sunrise Engineering,13.119523,80.2262,1038.0,NORMAL
MPLAD-2026-00129,Andhra Pradesh,Visakhapatnam,Visakhapatnam Constituency 3,Deepak Gupta,Water Conservation Structure,Irrigation,1165000.0,1072011.71,499327.25,Completed,2024-12-05,2025-01-03,2025-04-21,District Administration,Unity Infrastructure,17.07011,80.281549,2581.0,NORMAL
MPLAD-2026-DUP-0024,Tamil Nadu,Madurai,Madurai Constituency 6,Rohit Mehta,Public Infrastructure Improvement - Phase II,Public Facilities,3392522.22,2588514.2,1171357.6,Completed,2023-02-02,2023-04-20,,State Water Resources Department,Eastern Infrastructure,13.822935,80.158634,9715.0,SIMILAR_DUPLICATE
MPLAD-2026-00521,Gujarat,Vadodara,Vadodara Constituency 6,Sunita Das,Construction of Additional Classrooms,Education,626000.0,594167.7,443398.72,Delayed,2022-05-10,2022-07-02,2022-12-17,State Public Works Department,Bharat Construction Co,23.780267,72.364902,13888.0,NORMAL
MPLAD-2026-00839,Odisha,Ganjam,Ganjam Constituency 7,Meena Patel,Construction of Primary Health Centre,Healthcare,3285000.0,2577552.29,1958837.02,Delayed,2021-06-14,2021-09-10,2022-02-21,Zilla Parishad,Unity Infrastructure,20.843821,86.509092,2827.0,NORMAL
MPLAD-2026-00963,Gujarat,Vadodara,Vadodara Constituency 4,Sunita Das,Village Electrification Works,Electricity,3653000.0,3518479.2,2107880.45,Completed,2022-02-23,2022-03-28,2022-08-10,District Administration,Unity Infrastructure,23.955837,72.157677,-76.0,CONTRACTOR_CONCENTRATION
MPLAD-2026-00065,Uttar Pradesh,Lucknow,Lucknow Constituency 5,Vijay Kumar,Community Infrastructure Development,Community Infrastructure,1155000.0,1019624.27,747347.92,Completed,2025-06-12,2025-07-20,2025-10-31,District Administration,Vardhan Construction,26.891543,80.719636,10253.0,NORMAL
MPLAD-2026-00813,Gujarat,Surat,Surat Constituency 5,Priya Singh,Construction of Citizen Service Centre,Public Facilities,642000.0,500005.36,389587.22,Completed,2022-01-17,2022-04-02,2022-07-06,Urban Local Body,Unity Infrastructure,23.865484,73.057422,9336.0,CONTRACTOR_CONCENTRATION
MPLAD-2026-00015,Tamil Nadu,Coimbatore,Coimbatore Constituency 8,Suresh Reddy,Electricity Infrastructure Improvement,Electricity,1753000.0,1424227.68,1298372.67,Completed,2023-06-27,2023-09-20,2023-12-14,State Public Works Department,Saksham Projects,12.812413,80.139438,1628.0,NORMAL
MPLAD-2026-00157,Karnataka,Dharwad,Dharwad Constituency 3,Naveen Singh,Construction of Sports Ground,Sports Infrastructure,2858000.0,2743014.44,1336301.19,Completed,2024-09-30,2024-10-21,2024-12-21,Zilla Parishad,Eastern Infrastructure,13.343037,77.960679,1213.0,NORMAL
MPLAD-2026-00041,Odisha,Khordha,Khordha Constituency 3,Anil Verma,Installation of Drinking Water Supply System,Drinking Water,4680000.0,4183682.17,3782103.39,Completed,2023-02-08,2023-04-14,2023-08-02,Zilla Parishad,Reliable Infra Solutions,20.197248,85.985201,1769.0,NORMAL
MPLAD-2026-00493,Andhra Pradesh,Visakhapatnam,Visakhapatnam Constituency 5,Suresh Reddy,Public Infrastructure Improvement,Public Facilities,1022000.0,995217.27,694119.65,Completed,2023-06-24,2023-08-23,2024-03-13,District Rural Development Agency,Prime Development Works,16.498379,80.078736,13958.0,NORMAL
MPLAD-2026-00380,Rajasthan,Jodhpur,Jodhpur Constituency 7,Suresh Reddy,Construction of Minor Irrigation Facility,Irrigation,4391000.0,4118253.26,3305446.35,Completed,2022-10-07,2022-10-26,2023-03-04,Zilla Parishad,Prime Development Works,26.526139,76.102439,6188.0,NORMAL
MPLAD-2026-00188,West Bengal,Darjeeling,Darjeeling Constituency 1,Rohit Mehta,Rural Drinking Water Facility,Drinking Water,3357000.0,3102949.77,2715245.88,Completed,2025-06-18,2025-09-09,2026-02-17,Zilla Parishad,Krishna Builders,23.541532,88.018594,8205.0,NORMAL
MPLAD-2026-00764,Karnataka,Dharwad,Dharwad Constituency 2,Rajesh Sharma,Construction of Community Health Facility,Healthcare,2925000.0,2282408.49,2029608.47,Completed,2025-06-23,2025-07-14,2026-02-14,State Water Resources Department,Saksham Projects,13.819664,78.28906,5292.0,NORMAL
MPLAD-2026-00217,Odisha,Cuttack,Cuttack Constituency 3,Rajesh Sharma,Renovation of Health Sub Centre,Healthcare,1699000.0,1620967.12,1472858.93,Completed,2021-04-25,2021-06-07,2021-12-31,District Administration,Metro Civil Contractors,20.174867,86.147394,5913.0,NORMAL
MPLAD-2026-00792,Maharashtra,Nashik,Nashik Constituency 3,Amit Kumar,Community Infrastructure Development,Community Infrastructure,19040611.94,15390378.55,13552284.7,Completed,2024-02-26,2024-05-13,2024-11-28,Zilla Parishad,Greenfield Contractors,18.61888,72.905456,5372.0,EXTREME_COST
MPLAD-2026-00053,Gujarat,Surat,Surat Constituency 3,Naveen Singh,Village Sanitation Infrastructure,Sanitation,821000.0,649805.65,392356.49,Completed,2025-03-14,2025-06-09,2025-10-20,Rural Development Department,Unity Infrastructure,17.383462,78.48482,-490.0,CONTRACTOR_CONCENTRATION
MPLAD-2026-00879,West Bengal,Murshidabad,Murshidabad Constituency 5,Suresh Reddy,Construction of Public Utility Building,Community Infrastructure,4806000.0,4407620.99,2195873.01,Completed,2023-10-07,2024-01-03,2024-04-22,Municipal Corporation,Saksham Projects,22.510748,88.792694,13296.0,NORMAL
MPLAD-2026-00338,Gujarat,Rajkot,Rajkot Constituency 3,Kavita Joshi,Waste Management Facility,Sanitation,2344000.0,1946706.1,969709.11,Completed,2024-09-11,2024-10-04,2024-12-14,Municipal Corporation,National Projects Ltd,22.38912,72.221382,14411.0,NORMAL
MPLAD-2026-00749,Gujarat,Ahmedabad,Ahmedabad Constituency 1,Rohit Mehta,Construction of Primary Health Centre,Healthcare,845000.0,660518.73,356876.12,Completed,2021-03-31,2021-05-25,2021-10-21,Zilla Parishad,Dakshin Projects,23.950177,73.115165,4890.0,NORMAL
MPLAD-2026-00720,Uttar Pradesh,Varanasi,Varanasi Constituency 2,Anil Verma,Construction of Sports Ground,Sports Infrastructure,1166000.0,994107.97,556827.51,Completed,2021-10-18,2021-12-17,2022-06-22,District Administration,Vardhan Construction,27.067639,81.276895,5988.0,NORMAL
MPLAD-2026-00725,Gujarat,Surat,Surat Constituency 2,Ramesh Naidu,Village Sanitation Infrastructure,Sanitation,4982000.0,3981523.99,2956729.16,Completed,2021-06-15,2021-08-06,2021-11-30,Urban Local Body,Dakshin Projects,23.579727,72.580972,4175.0,NORMAL
MPLAD-2026-00296,Odisha,Ganjam,Ganjam Constituency 8,Suresh Reddy,Construction of Community Health Facility,Healthcare,3204000.0,3039487.47,2614647.94,Completed,2022-01-08,2022-03-29,2022-08-03,Urban Local Body,Greenfield Contractors,20.328305,85.609554,7529.0,NORMAL
MPLAD-2026-00702,Odisha,Khordha,Khordha Constituency 7,Manoj Yadav,Solar Lighting Installation,Electricity,4160000.0,3326076.43,1579320.44,Delayed,2023-10-09,2023-12-26,2024-03-06,District Rural Development Agency,Krishna Builders,20.829667,86.148029,2133.0,NORMAL
MPLAD-2026-00252,Andhra Pradesh,Guntur,Guntur Constituency 1,Amit Kumar,Rural Drinking Water Facility,Drinking Water,2499000.0,1951466.02,1124764.8,Completed,2024-12-08,2025-01-11,2025-05-03,State Public Works Department,Unity Infrastructure,15.870645,80.853336,5033.0,CONTRACTOR_CONCENTRATION
MPLAD-2026-00727,Karnataka,Dharwad,Dharwad Constituency 4,Anil Verma,Construction of Community Toilet,Sanitation,1838000.0,1804511.02,1228109.04,Completed,2022-01-11,2022-03-15,2022-09-02,State Water Resources Department,Saksham Projects,13.079939,78.765357,11472.0,NORMAL
MPLAD-2026-00462,Gujarat,Vadodara,Vadodara Constituency 3,Sunita Das,Construction of Public Facility,Public Facilities,1050000.0,915952.11,517889.3,Completed,2021-10-03,2021-10-21,2022-01-14,District Rural Development Agency,Eastern Infrastructure,23.082336,72.256346,8261.0,NORMAL
MPLAD-2026-00456,Odisha,Khordha,Khordha Constituency 2,Rohit Mehta,Construction of Minor Irrigation Facility,Irrigation,2880000.0,2675384.38,2493811.12,Delayed,2021-12-18,2022-03-11,2022-05-11,Zilla Parishad,Bharat Construction Co,20.1576,85.923118,8360.0,NORMAL
MPLAD-2026-DUP-0004,Telangana,Nalgonda,Nalgonda Constituency 3,Deepak Gupta,Construction of Approach Road - Phase II,Roads,4994760.02,4165625.41,3565338.35,Delayed,2023-04-22,2023-06-21,2024-02-06,State Public Works Department,Unity Infrastructure,17.906368,78.117393,-402.0,SIMILAR_DUPLICATE
MPLAD-2026-00816,Uttar Pradesh,Varanasi,Varanasi Constituency 7,Anil Verma,Improvement of Village Road,Roads,3934000.0,3836501.24,2698903.35,Delayed,2023-05-13,2023-07-21,2023-11-26,State Public Works Department,Krishna Builders,27.06483,80.56534,2787.0,NORMAL
MPLAD-2026-00863,Telangana,Nalgonda,Nalgonda Constituency 7,Rohit Mehta,School Building Improvement,Education,3154000.0,2818168.48,2059850.61,Completed,2023-06-17,2023-08-02,2023-12-23,Rural Development Department,Metro Civil Contractors,16.964053,78.975392,9220.0,NORMAL
MPLAD-2026-00270,Gujarat,Vadodara,Vadodara Constituency 7,Sunita Das,Construction of Approach Road,Roads,979000.0,827468.01,394315.4,Completed,2021-04-26,2021-06-05,2021-10-11,Rural Development Department,National Projects Ltd,23.475332,72.311799,11296.0,NORMAL
MPLAD-2026-00202,Odisha,Cuttack,Cuttack Constituency 6,Suresh Reddy,Construction of Community Toilet,Sanitation,4524000.0,,2109573.96,Completed,2025-02-26,2025-05-17,2025-07-16,State Public Works Department,Eastern Infrastructure,20.29846,85.845641,4106.0,DATA_QUALITY
MPLAD-2026-00162,Tamil Nadu,Salem,Salem Constituency 5,Amit Kumar,Pipeline Extension for Drinking Water,Drinking Water,15175595.28,13433740.8,10920821.73,Completed,2022-10-07,2022-10-24,2023-02-14,District Administration,Metro Civil Contractors,12.714501,81.212274,1360.0,EXTREME_COST
MPLAD-2026-00556,Maharashtra,Aurangabad,Aurangabad Constituency 4,Manoj Yadav,Village Irrigation Infrastructure,Irrigation,698000.0,528680.13,290199.13,Completed,2021-12-23,2022-02-04,INVALID_DATE,Zilla Parishad,Unity Infrastructure,18.990193,72.975545,3025.0,INVALID_DATE
MPLAD-2026-00730,Andhra Pradesh,Guntur,Guntur Constituency 1,Anil Verma,Pipeline Extension for Drinking Water,Drinking Water,3175000.0,3033664.98,2222832.16,Completed,2024-11-15,2025-01-11,2025-03-27,State Public Works Department,Unity Infrastructure,17.080389,80.902932,11594.0,CONTRACTOR_CONCENTRATION
MPLAD-2026-00402,Karnataka,Belagavi,Belagavi Constituency 4,Arun Rao,Construction of Additional Classrooms,Education,2043000.0,1575358.05,823179.92,Completed,2021-11-12,2022-01-29,2022-07-13,State Water Resources Department,Apex Civil Works,13.014854,77.386576,11994.0,NORMAL
MPLAD-2026-00703,West Bengal,Howrah,Howrah Constituency 6,Kavita Joshi,Electricity Infrastructure Improvement,Electricity,3094000.0,2540976.05,1961209.94,Delayed,2024-03-25,2024-04-09,2025-09-03,District Administration,Eastern Infrastructure,23.020821,88.023342,706.0,MAJOR_DELAY
MPLAD-2026-00477,Karnataka,Mysuru,Mysuru Constituency 2,Kavita Joshi,Construction of Sports Ground,Sports Infrastructure,2849000.0,2727192.13,2522208.87,Delayed,2023-12-12,2024-01-28,2024-08-02,District Rural Development Agency,Unity Infrastructure,12.408407,78.244294,12767.0,CONTRACTOR_CONCENTRATION
MPLAD-2026-00822,Andhra Pradesh,Krishna,Krishna Constituency 5,Meena Patel,Pipeline Extension for Drinking Water,Drinking Water,2228000.0,1771190.73,930537.18,Completed,2022-09-30,2022-12-03,2023-07-23,Rural Development Department,Shree Infrastructure Pvt Ltd,16.464161,80.803567,7009.0,NORMAL
MPLAD-2026-00772,Telangana,Warangal,Warangal Constituency 5,Arun Rao,Construction of Community Hall,Community Infrastructure,3039000.0,2960974.91,2190867.1,Completed,2023-05-24,2023-07-14,2023-12-03,Municipal Corporation,Metro Civil Contractors,18.132567,78.281007,2446.0,NORMAL
MPLAD-2026-00106,Uttar Pradesh,Lucknow,Lucknow Constituency 1,Meena Patel,Construction of Public Facility,Public Facilities,3361000.0,3345068.37,1929519.5,Completed,2021-02-03,2021-04-04,2021-06-20,District Rural Development Agency,Reliable Infra Solutions,27.103601,81.457205,12740.0,NORMAL
MPLAD-2026-00566,Gujarat,Surat,Surat Constituency 7,Priya Singh,Renovation of Health Sub Centre,Healthcare,2635000.0,2316049.95,1952400.75,Completed,2025-04-01,2025-06-14,2025-12-09,Urban Local Body,Bharat Construction Co,23.167111,72.761264,13957.0,NORMAL
MPLAD-2026-00390,Maharashtra,Aurangabad,Aurangabad Constituency 7,Kavita Joshi,Electricity Infrastructure Improvement,Electricity,3294000.0,2921736.02,2737508.48,Completed,2023-02-26,2023-03-21,2023-08-15,District Administration,Reliable Infra Solutions,19.042505,73.157002,12950.0,NORMAL
MPLAD-2026-00002,Gujarat,Ahmedabad,Ahmedabad Constituency 4,Ramesh Naidu,Sports Infrastructure Improvement,Sports Infrastructure,1492000.0,1338796.1,1144289.41,Completed,2021-01-14,2021-02-18,2021-10-14,Municipal Corporation,Sunrise Engineering,23.31396,73.256763,3627.0,NORMAL
MPLAD-2026-00938,Odisha,Puri,Puri Constituency 8,Arun Rao,Village Community Centre,Community Infrastructure,1804000.0,1398776.27,1022426.81,Completed,2021-11-08,2021-12-13,2022-05-28,District Administration,Dakshin Projects,20.885739,86.452558,2693.0,NORMAL
MPLAD-2026-DUP-0018,Uttar Pradesh,Lucknow,Lucknow Constituency 6,Rohit Mehta,Waste Management Facility - Phase II,Sanitation,1793279.98,1521911.25,1237691.82,Completed,2021-07-21,2021-09-03,2021-12-06,State Water Resources Department,Reliable Infra Solutions,26.607974,80.687082,12781.0,SIMILAR_DUPLICATE
MPLAD-2026-00562,Maharashtra,Aurangabad,Aurangabad Constituency 7,Kavita Joshi,Construction of School Laboratory,Education,1645000.0,1268607.1,1935650.31,Completed,2022-08-28,2022-11-07,2023-05-18,State Public Works Department,Vardhan Construction,17.383952,78.487005,7722.0,EXPENDITURE_OVER_SANCTION
MPLAD-2026-00081,Uttar Pradesh,Varanasi,Varanasi Constituency 7,Meena Patel,Pipeline Extension for Drinking Water,Drinking Water,2420000.0,2217390.26,1412811.34,Completed,2021-11-09,2022-01-23,2022-04-10,District Rural Development Agency,Bharat Construction Co,26.408093,81.300388,7175.0,NORMAL
MPLAD-2026-00206,Gujarat,Surat,Surat Constituency 3,Amit Kumar,Installation of Street Lighting,Electricity,1548000.0,1295065.97,1126431.55,Completed,2021-01-20,2021-03-18,2021-05-17,Rural Development Department,Krishna Builders,23.342727,72.065311,1803.0,NORMAL
MPLAD-2026-00035,Maharashtra,Nagpur,Nagpur Constituency 5,Vijay Kumar,Construction of Community Hall,Community Infrastructure,1123000.0,907176.66,722997.03,Completed,2024-12-17,2025-01-28,2025-04-14,State Water Resources Department,Unity Infrastructure,19.238736,72.587396,6912.0,NORMAL
MPLAD-2026-00776,Rajasthan,Kota,Kota Constituency 5,Rajesh Sharma,Construction of School Laboratory,Education,3792000.0,2954406.58,1852001.03,Completed,2021-06-11,2021-07-24,2021-10-11,Urban Local Body,Saksham Projects,26.867331,75.695647,4623.0,NORMAL
MPLAD-2026-00509,Andhra Pradesh,Guntur,Guntur Constituency 7,Kavita Joshi,Construction of Community Hall,Community Infrastructure,1705000.0,1555088.0,1391135.53,Delayed,2021-08-28,2021-11-14,2022-06-21,State Water Resources Department,Unity Infrastructure,16.206862,80.382251,11528.0,NORMAL
MPLAD-2026-00428,Rajasthan,Jodhpur,Jodhpur Constituency 4,Vijay Kumar,Electricity Infrastructure Improvement,Electricity,12095406.89,,9000682.2,Delayed,2024-03-20,2024-04-04,2024-09-17,State Water Resources Department,Shree Infrastructure Pvt Ltd,27.551627,75.530464,12117.0,EXTREME_COST
MPLAD-2026-00455,Telangana,Hyderabad,Hyderabad Constituency 4,Kavita Joshi,Renovation of Health Sub Centre,Healthcare,3518000.0,2664233.39,1392803.91,Completed,2025-03-09,2025-04-28,2025-11-22,Zilla Parishad,National Projects Ltd,17.675468,79.460165,8372.0,NORMAL
MPLAD-2026-00367,Gujarat,Ahmedabad,Ahmedabad Constituency 3,Sunita Das,Canal Improvement Works,Irrigation,2269000.0,1885233.21,871837.52,Delayed,2023-07-19,2023-10-17,2024-02-05,Rural Development Department,Bharat Construction Co,23.206214,71.805237,5409.0,NORMAL
MPLAD-2026-00092,Odisha,Ganjam,Ganjam Constituency 6,Rohit Mehta,Village Community Centre,Community Infrastructure,2479000.0,2149863.84,1646134.75,Completed,2025-06-19,2025-08-08,2026-03-07,District Rural Development Agency,Saksham Projects,19.814198,86.041613,5185.0,NORMAL
MPLAD-2026-00340,Tamil Nadu,Chennai,Chennai Constituency 1,Naveen Singh,Construction of Community Health Facility,Healthcare,4678000.0,4481614.87,3065557.1,Completed,2024-08-01,2024-08-23,INVALID_DATE,District Administration,Unity Infrastructure,13.503755,80.8429,13568.0,CONTRACTOR_CONCENTRATION
MPLAD-2026-00898,West Bengal,Kolkata,Kolkata Constituency 6,Vijay Kumar,Canal Improvement Works,Irrigation,1924000.0,1590106.71,1442362.99,Completed,2021-07-05,2021-09-09,2022-01-27,Municipal Corporation,Greenfield Contractors,22.668538,88.025514,12495.0,NORMAL
MPLAD-2026-00565,Maharashtra,Nagpur,Nagpur Constituency 3,Rohit Mehta,Construction of Indoor Sports Hall,Sports Infrastructure,538000.0,443779.27,382162.48,Completed,2025-05-23,2025-07-28,2026-01-07,State Public Works Department,Unity Infrastructure,19.047138,73.025643,7833.0,CONTRACTOR_CONCENTRATION
MPLAD-2026-00346,Andhra Pradesh,Visakhapatnam,Visakhapatnam Constituency 6,Suresh Reddy,Construction of School Laboratory,Education,2152000.0,1927199.77,1091753.03,Completed,2022-09-08,2022-10-04,2023-04-28,Zilla Parishad,Dakshin Projects,16.337565,81.121698,12130.0,NORMAL
MPLAD-2026-00777,West Bengal,Kolkata,Kolkata Constituency 6,Naveen Singh,Road Widening and Improvement,Roads,952000.0,881814.68,626660.19,Completed,2022-01-25,2022-04-21,2022-12-06,State Public Works Department,Unity Infrastructure,17.388601,78.489178,10495.0,CONTRACTOR_CONCENTRATION
MPLAD-2026-00242,Telangana,Karimnagar,Karimnagar Constituency 2,Vijay Kumar,Waste Management Facility,Sanitation,4377000.0,3568510.0,2874602.12,Completed,2024-08-27,2024-10-19,2025-02-04,Zilla Parishad,Metro Civil Contractors,16.662099,78.578259,14840.0,NORMAL
MPLAD-2026-00014,Rajasthan,Jodhpur,Jodhpur Constituency 2,Rajesh Sharma,Solar Lighting Installation,Electricity,2406000.0,2085415.34,1698649.88,Completed,2024-10-11,2024-11-07,2025-01-21,District Rural Development Agency,Unity Infrastructure,26.394453,75.956364,4173.0,NORMAL
MPLAD-2026-00316,Maharashtra,Nagpur,Nagpur Constituency 7,Rohit Mehta,Electricity Infrastructure Improvement,Electricity,1156000.0,1144193.75,128142.16,Ongoing,2021-01-20,2021-02-26,2021-08-12,Urban Local Body,Dakshin Projects,18.314391,73.565998,12966.0,UNDER_UTILIZATION
MPLAD-2026-00601,Rajasthan,Jodhpur,Jodhpur Constituency 1,Manoj Yadav,Construction of Community Hall,Community Infrastructure,3352000.0,3245938.1,3034299.0,Completed,2025-02-15,2025-04-12,2025-12-01,State Water Resources Department,Vardhan Construction,26.968751,75.594068,6656.0,NORMAL
MPLAD-2026-00388,Tamil Nadu,Coimbatore,Coimbatore Constituency 3,Rohit Mehta,Village Irrigation Infrastructure,Irrigation,4608000.0,3907672.61,3125385.12,Completed,2024-09-24,2024-11-20,2025-04-12,District Rural Development Agency,Shree Infrastructure Pvt Ltd,13.362514,79.564099,7887.0,NORMAL
MPLAD-2026-00274,Maharashtra,Nagpur,Nagpur Constituency 3,Kavita Joshi,Construction of Community Toilet,Sanitation,1988000.0,1843715.58,972380.85,Completed,2021-11-11,2022-01-06,2022-08-06,Rural Development Department,Dakshin Projects,17.384721,78.4858,8137.0,GEOGRAPHIC_CLUSTER
MPLAD-2026-00167,Telangana,Nalgonda,Nalgonda Constituency 2,Kavita Joshi,Village Irrigation Infrastructure,Irrigation,4387000.0,3303784.57,2170272.72,Delayed,2025-05-15,2025-06-09,2025-12-29,Municipal Corporation,Apex Civil Works,17.419112,78.181977,11328.0,NORMAL
MPLAD-2026-00841,West Bengal,Howrah,Howrah Constituency 6,Suresh Reddy,Construction of Community Toilet,Sanitation,4525000.0,3627926.98,2469130.08,Completed,2022-05-17,2022-07-27,2022-11-25,District Rural Development Agency,Unity Infrastructure,22.754279,88.353012,13267.0,CONTRACTOR_CONCENTRATION
MPLAD-2026-DUP-0008,West Bengal,Murshidabad,Murshidabad Constituency 5,Deepak Gupta,Construction of Community Hall - Phase II,Community Infrastructure,4893849.91,3502069.57,2621991.09,Delayed,2021-09-01,2021-11-04,2024-01-27,State Water Resources Department,Krishna Builders,22.321085,88.533645,7631.0,SIMILAR_DUPLICATE
MPLAD-2026-00647,Tamil Nadu,Madurai,Madurai Constituency 5,Deepak Gupta,Construction of Overhead Water Tank,Drinking Water,1508000.0,1332154.3,793859.59,Delayed,2024-08-02,2024-09-04,2025-01-13,State Public Works Department,Sunrise Engineering,13.079968,80.648021,10625.0,NORMAL
MPLAD-2026-00819,Tamil Nadu,Coimbatore,Coimbatore Constituency 6,Amit Kumar,Renovation of Public Building,Public Facilities,2051000.0,,1411964.67,Completed,2024-12-02,2025-01-13,2025-07-12,State Water Resources Department,Eastern Infrastructure,12.652895,80.46132,11670.0,DATA_QUALITY
MPLAD-2026-00485,Rajasthan,Jodhpur,Jodhpur Constituency 1,Amit Kumar,Development of Community Sports Facility,Sports Infrastructure,4581000.0,4551369.6,2499307.7,Completed,2024-12-07,2025-01-12,2025-03-25,Rural Development Department,Krishna Builders,26.894329,75.143451,2545.0,NORMAL
MPLAD-2026-DUP-0020,Uttar Pradesh,Varanasi,Varanasi Constituency 7,Rohit Mehta,Installation of Drinking Water Supply System - Phase II,Drinking Water,1283479.77,977382.26,616228.25,Completed,2022-08-20,2022-10-08,2023-05-10,State Water Resources Department,Sunrise Engineering,26.266218,80.363415,12895.0,SIMILAR_DUPLICATE
MPLAD-2026-00505,Rajasthan,Kota,Kota Constituency 5,Kavita Joshi,Village Irrigation Infrastructure,Irrigation,3608000.0,3574753.73,2815301.39,Completed,2022-09-12,2022-10-08,2023-01-08,District Rural Development Agency,Apex Civil Works,27.384699,75.546444,13468.0,NORMAL
MPLAD-2026-00832,Karnataka,Belagavi,Belagavi Constituency 5,Arun Rao,Village Irrigation Infrastructure,Irrigation,937000.0,755415.2,607734.74,Completed,2022-03-29,2022-04-21,2022-11-23,State Water Resources Department,Reliable Infra Solutions,12.016765,77.32108,9732.0,NORMAL
MPLAD-2026-00244,Tamil Nadu,Salem,Salem Constituency 6,Deepak Gupta,Village Sanitation Infrastructure,Sanitation,4283000.0,4150756.79,2243766.0,Completed,2021-07-19,2021-10-02,2022-01-02,Municipal Corporation,Reliable Infra Solutions,12.791742,79.784003,11236.0,NORMAL
MPLAD-2026-00567,Tamil Nadu,Salem,Salem Constituency 7,Priya Singh,Public Infrastructure Improvement,Public Facilities,4338000.0,3286147.87,1707072.04,Completed,2021-09-20,2021-11-13,2022-01-14,Urban Local Body,Greenfield Contractors,13.80887,80.47479,5667.0,NORMAL
MPLAD-2026-00876,Karnataka,Mysuru,Mysuru Constituency 3,Ramesh Naidu,Construction of School Laboratory,Education,4456000.0,3463862.22,1839958.09,Completed,2023-10-16,2023-11-26,2024-04-12,Rural Development Department,Unity Infrastructure,11.755145,77.899644,10289.0,NORMAL
MPLAD-2026-00563,Gujarat,Vadodara,Vadodara Constituency 7,Arun Rao,Public Infrastructure Improvement,Public Facilities,2340000.0,2225635.11,1354321.69,Completed,2023-02-23,2023-03-13,2023-06-26,District Rural Development Agency,Sunrise Engineering,23.757544,72.055545,5983.0,NORMAL
MPLAD-2026-00687,Rajasthan,Jodhpur,Jodhpur Constituency 4,Sunita Das,Public Infrastructure Improvement,Public Facilities,1015000.0,978546.94,905425.75,Delayed,2022-12-20,2023-03-04,2023-08-16,District Administration,Greenfield Contractors,26.295044,75.061197,224.0,NORMAL
MPLAD-2026-00190,Telangana,Warangal,Warangal Constituency 8,Arun Rao,Road Widening and Improvement,Roads,1410000.0,1300228.64,670861.48,Delayed,2024-08-24,2024-10-16,2025-01-24,Rural Development Department,Dakshin Projects,18.370411,78.122966,1629.0,NORMAL
MPLAD-2026-00783,West Bengal,Murshidabad,Murshidabad Constituency 7,Anil Verma,Construction of Internal Roads,Roads,2685000.0,2160718.98,1659719.76,Completed,2021-04-04,2021-05-28,2021-11-18,Municipal Corporation,Vardhan Construction,22.90418,88.237303,8882.0,NORMAL
MPLAD-2026-00700,Andhra Pradesh,Guntur,Guntur Constituency 3,Sunita Das,Community Infrastructure Development,Community Infrastructure,4059000.0,3407271.25,1657024.72,Completed,2024-09-07,2024-11-08,2025-04-12,District Rural Development Agency,Unity Infrastructure,17.040186,80.304398,257.0,NORMAL
MPLAD-2026-00476,Maharashtra,Nagpur,Nagpur Constituency 1,Ramesh Naidu,Construction of Public Facility,Public Facilities,749000.0,729620.65,442845.0,Delayed,2022-09-03,2022-09-26,2023-03-09,District Rural Development Agency,Greenfield Contractors,18.967444,73.036125,6602.0,NORMAL
MPLAD-2026-00682,Odisha,Cuttack,Cuttack Constituency 6,Manoj Yadav,Construction of Community Hall,Community Infrastructure,1177000.0,1017710.43,533019.01,Completed,2022-10-11,2022-11-09,2023-06-29,State Public Works Department,Saksham Projects,20.349911,85.386619,7481.0,NORMAL
MPLAD-2026-00511,Maharashtra,Aurangabad,Aurangabad Constituency 7,Rohit Mehta,Community Infrastructure Development,Community Infrastructure,4099000.0,3939683.43,2997788.6,Completed,2022-08-02,2022-08-28,2023-04-15,Zilla Parishad,National Projects Ltd,19.311276,72.619535,-433.0,INVALID_NUMERICAL_DATA
MPLAD-2026-00059,Telangana,Warangal,Warangal Constituency 8,Naveen Singh,Waste Management Facility,Sanitation,2370000.0,2063381.0,1415706.11,Completed,2023-07-25,2023-10-18,2024-01-23,Municipal Corporation,Dakshin Projects,17.36938,77.960795,14256.0,NORMAL
MPLAD-2026-00475,Karnataka,Mysuru,Mysuru Constituency 1,Priya Singh,Drainage Improvement Works,Sanitation,2684000.0,2678157.67,1770287.83,Completed,2021-03-17,2021-04-26,2021-08-04,Rural Development Department,Unity Infrastructure,12.951086,77.704103,13037.0,CONTRACTOR_CONCENTRATION
MPLAD-2026-00561,Uttar Pradesh,Varanasi,Varanasi Constituency 8,Arun Rao,Drainage Improvement Works,Sanitation,3371000.0,,2475355.64,Completed,2022-03-01,2022-04-13,2022-08-02,District Administration,Apex Civil Works,27.344187,81.480364,3681.0,DATA_QUALITY
MPLAD-2026-00857,Telangana,Warangal,Warangal Constituency 4,Anil Verma,Construction of Indoor Sports Hall,Sports Infrastructure,1940000.0,1712243.77,858619.29,Completed,2022-09-07,2022-10-18,2023-05-12,Municipal Corporation,Unity Infrastructure,16.407299,78.86804,3244.0,NORMAL
MPLAD-2026-00748,Karnataka,Bengaluru Urban,Bengaluru Urban Constituency 8,Rajesh Sharma,Village Irrigation Infrastructure,Irrigation,2083000.0,1740932.68,1582567.51,Completed,2022-05-03,2022-06-16,2022-09-07,District Administration,Apex Civil Works,13.665549,78.497342,12346.0,NORMAL
MPLAD-2026-00253,Rajasthan,Jaipur,Jaipur Constituency 5,Kavita Joshi,Canal Improvement Works,Irrigation,2385000.0,2324553.32,307004.61,Ongoing,2024-06-19,2024-07-19,2024-11-28,State Water Resources Department,Bharat Construction Co,26.619611,75.568094,3354.0,UNDER_UTILIZATION
MPLAD-2026-00022,Maharashtra,Aurangabad,Aurangabad Constituency 5,Naveen Singh,Construction of CC Road,Roads,3354000.0,3210908.37,1515688.04,Delayed,2022-11-15,2022-12-16,2023-07-27,State Water Resources Department,National Projects Ltd,19.023958,72.742203,9138.0,NORMAL
MPLAD-2026-00314,Andhra Pradesh,Guntur,Guntur Constituency 4,Meena Patel,Construction of Minor Irrigation Facility,Irrigation,1964000.0,1773874.05,1028581.55,Completed,2024-01-29,2024-03-17,2024-07-15,Urban Local Body,Vardhan Construction,16.054678,80.543396,6095.0,NORMAL
MPLAD-2026-00460,Telangana,Karimnagar,Karimnagar Constituency 8,Deepak Gupta,Installation of Drinking Water Supply System,Drinking Water,1145000.0,973428.7,725475.59,Completed,2021-07-28,2021-09-02,2021-11-17,Urban Local Body,Unity Infrastructure,17.184105,78.57404,3381.0,CONTRACTOR_CONCENTRATION
MPLAD-2026-00161,Rajasthan,Kota,Kota Constituency 7,Deepak Gupta,Construction of Public Facility,Public Facilities,3365000.0,3115018.48,1530542.72,Delayed,2023-06-08,2023-08-04,2024-02-24,State Public Works Department,Bharat Construction Co,26.956048,76.055121,3864.0,NORMAL
MPLAD-2026-00277,Odisha,Cuttack,Cuttack Constituency 1,Manoj Yadav,Community Infrastructure Development,Community Infrastructure,4622000.0,4558433.25,600226.52,Ongoing,2024-01-12,2024-03-03,2024-05-08,Urban Local Body,Unity Infrastructure,20.821602,85.938989,8526.0,UNDER_UTILIZATION
MPLAD-2026-00956,Tamil Nadu,Salem,Salem Constituency 8,Meena Patel,Electricity Infrastructure Improvement,Electricity,2693000.0,2467992.58,1546653.2,Completed,2021-08-06,2021-08-29,2022-01-18,Rural Development Department,Vardhan Construction,17.385525,78.487087,2417.0,GEOGRAPHIC_CLUSTER
MPLAD-2026-00192,West Bengal,Kolkata,Kolkata Constituency 3,Kavita Joshi,Construction of Community Health Facility,Healthcare,542000.0,500753.41,429924.1,Completed,2023-05-15,2023-06-15,2023-12-14,District Rural Development Agency,Krishna Builders,21.616847,88.12731,12072.0,NORMAL
MPLAD-2026-00386,Andhra Pradesh,Guntur,Guntur Constituency 7,Amit Kumar,Rural Drinking Water Facility,Drinking Water,2264000.0,2096847.52,1878016.21,Completed,2024-07-13,2024-09-23,2025-04-28,Zilla Parishad,Unity Infrastructure,16.818488,80.34689,11780.0,NORMAL
MPLAD-2026-00806,West Bengal,Kolkata,Kolkata Constituency 6,Rajesh Sharma,Construction of Indoor Sports Hall,Sports Infrastructure,4925000.0,3932837.05,2977165.1,Completed,2021-02-04,2021-04-02,2021-11-20,Municipal Corporation,Unity Infrastructure,22.441285,87.660464,14939.0,NORMAL
MPLAD-2026-00414,Uttar Pradesh,Varanasi,Varanasi Constituency 2,Naveen Singh,Renovation of Public Building,Public Facilities,1130000.0,902048.69,730541.74,Completed,2024-04-29,2024-06-13,2024-12-15,Rural Development Department,Unity Infrastructure,27.557507,80.710913,8286.0,CONTRACTOR_CONCENTRATION
MPLAD-2026-00492,Maharashtra,Nashik,Nashik Constituency 7,Naveen Singh,Construction of School Laboratory,Education,3816000.0,3330676.14,3080959.86,Completed,2024-02-13,2024-04-24,2024-07-06,Zilla Parishad,Shree Infrastructure Pvt Ltd,18.640861,72.85623,3100.0,NORMAL
MPLAD-2026-00344,Tamil Nadu,Coimbatore,Coimbatore Constituency 7,Sunita Das,Construction of Indoor Sports Hall,Sports Infrastructure,2120000.0,1829773.84,1701529.05,Completed,2021-01-01,2021-01-20,2021-06-01,Municipal Corporation,Saksham Projects,12.974554,80.102031,14687.0,NORMAL
MPLAD-2026-00770,Odisha,Khordha,Khordha Constituency 1,Rajesh Sharma,Community Infrastructure Development,Community Infrastructure,4598000.0,4173641.38,3423841.45,Completed,2023-06-12,2023-08-03,2024-02-01,Municipal Corporation,Reliable Infra Solutions,19.769637,84.531982,11957.0,NORMAL
MPLAD-2026-00309,Tamil Nadu,Madurai,Madurai Constituency 8,Manoj Yadav,Construction of Public Facility,Public Facilities,2669000.0,2173780.24,1394124.88,Completed,2025-06-04,2025-07-17,2026-03-07,Urban Local Body,Metro Civil Contractors,13.131928,80.597295,6857.0,NORMAL
MPLAD-2026-00662,Gujarat,Rajkot,Rajkot Constituency 3,Naveen Singh,Installation of Drinking Water Supply System,Drinking Water,12226402.6,10708180.19,10802518.41,Completed,2025-05-14,2025-06-15,2025-10-28,District Administration,Eastern Infrastructure,22.990776,72.790326,4073.0,EXTREME_COST
MPLAD-2026-00131,Rajasthan,Udaipur,Udaipur Constituency 3,Arun Rao,Construction of Indoor Sports Hall,Sports Infrastructure,9446294.85,7615288.31,13036337.94,Completed,2024-10-26,2024-12-13,2025-07-17,Rural Development Department,Apex Civil Works,26.495281,75.760514,9243.0,EXPENDITURE_OVER_SANCTION
MPLAD-2026-00664,Odisha,Cuttack,Cuttack Constituency 1,Suresh Reddy,Village Community Centre,Community Infrastructure,855000.0,657722.71,483157.56,Completed,2023-05-03,2023-06-06,2023-09-20,Rural Development Department,National Projects Ltd,19.873399,85.759661,7803.0,NORMAL
MPLAD-2026-00872,Tamil Nadu,Salem,Salem Constituency 2,Rajesh Sharma,Construction of Additional Classrooms,Education,1233000.0,989370.9,910565.41,Completed,2025-02-25,2025-04-26,2025-09-14,District Rural Development Agency,Apex Civil Works,13.114223,80.793545,13203.0,NORMAL
MPLAD-2026-00100,Gujarat,Surat,Surat Constituency 5,Sunita Das,Renovation of Public Building,Public Facilities,2155000.0,2126516.38,2003646.04,Completed,2023-08-04,2023-09-24,2024-02-28,Municipal Corporation,Krishna Builders,23.048694,72.057063,13483.0,NORMAL
MPLAD-2026-00373,Telangana,Nalgonda,Nalgonda Constituency 6,Vijay Kumar,Installation of Street Lighting,Electricity,3913000.0,3759717.65,1813924.41,Completed,2023-08-23,2023-09-24,2023-12-24,Urban Local Body,Sunrise Engineering,17.617947,78.160115,8735.0,NORMAL
MPLAD-2026-00088,Rajasthan,Jodhpur,Jodhpur Constituency 3,Meena Patel,Development of Community Sports Facility,Sports Infrastructure,2751000.0,2636389.35,2249104.0,Completed,2021-05-28,2021-08-01,2021-10-10,District Rural Development Agency,Prime Development Works,27.036911,76.159532,14224.0,NORMAL
MPLAD-2026-00459,West Bengal,Howrah,Howrah Constituency 7,Anil Verma,Electricity Infrastructure Improvement,Electricity,4355000.0,4240414.12,3609517.67,Completed,2024-10-22,2024-12-23,2025-04-07,State Water Resources Department,Greenfield Contractors,22.846153,88.447874,11111.0,NORMAL
MPLAD-2026-00331,West Bengal,Howrah,Howrah Constituency 1,Priya Singh,Construction of Public Facility,Public Facilities,2845000.0,2832279.9,1944113.1,Completed,2024-10-27,2024-12-20,2025-05-11,State Public Works Department,Reliable Infra Solutions,22.314452,88.117813,12301.0,NORMAL
MPLAD-2026-00215,Maharashtra,Aurangabad,Aurangabad Constituency 7,Naveen Singh,Sports Infrastructure Improvement,Sports Infrastructure,774000.0,634636.65,329134.0,Completed,2022-02-13,2022-05-06,2022-09-06,State Public Works Department,Metro Civil Contractors,19.552291,72.086267,6366.0,NORMAL
MPLAD-2026-00467,Uttar Pradesh,Agra,Agra Constituency 1,Sunita Das,Community Infrastructure Development,Community Infrastructure,938000.0,784436.04,493161.63,Completed,2022-12-21,2023-01-12,2023-08-29,Rural Development Department,Apex Civil Works,26.195094,79.956737,9808.0,NORMAL
MPLAD-2026-00122,Uttar Pradesh,Agra,Agra Constituency 7,Suresh Reddy,Construction of Community Hall,Community Infrastructure,1936000.0,1677772.72,979376.06,Completed,2022-05-23,2022-06-25,2022-09-17,District Administration,Krishna Builders,27.073944,81.33579,4167.0,NORMAL
MPLAD-2026-00615,West Bengal,Howrah,Howrah Constituency 1,Kavita Joshi,Water Conservation Structure,Irrigation,6025758.92,5383462.97,389718.89,Delayed,2022-01-06,2022-03-11,2024-07-24,District Administration,Reliable Infra Solutions,23.006346,89.358635,4988.0,MAJOR_DELAY
MPLAD-2026-00021,Gujarat,Vadodara,Vadodara Constituency 2,Naveen Singh,Construction of School Laboratory,Education,1019000.0,791517.42,575125.91,Delayed,2022-07-12,2022-09-01,2023-11-21,Zilla Parishad,Unity Infrastructure,23.35481,72.648516,11363.0,MAJOR_DELAY
MPLAD-2026-00701,Uttar Pradesh,Lucknow,Lucknow Constituency 6,Priya Singh,Construction of Citizen Service Centre,Public Facilities,4544000.0,4046023.7,2600765.59,Completed,2024-05-17,2024-06-28,2025-01-08,Rural Development Department,Saksham Projects,26.37559,81.187694,11835.0,NORMAL
MPLAD-2026-00072,Tamil Nadu,Salem,Salem Constituency 1,Kavita Joshi,Construction of Indoor Sports Hall,Sports Infrastructure,4619000.0,3719873.77,5130236.27,Completed,2023-08-09,2023-10-01,2024-05-14,State Public Works Department,National Projects Ltd,12.359333,80.353785,709.0,EXPENDITURE_OVER_SANCTION
MPLAD-2026-00107,Odisha,Puri,Puri Constituency 3,Amit Kumar,Construction of Public Utility Building,Community Infrastructure,4161000.0,3302886.46,2773008.67,Completed,2023-08-10,2023-10-25,2024-06-02,District Rural Development Agency,National Projects Ltd,20.725401,86.117626,11831.0,NORMAL
MPLAD-2026-00271,Maharashtra,Nagpur,Nagpur Constituency 1,Ramesh Naidu,Village Sanitation Infrastructure,Sanitation,3891000.0,2949676.03,2527911.02,Completed,2021-07-29,2021-10-23,2022-02-17,District Administration,Saksham Projects,19.452061,72.369332,3992.0,NORMAL
MPLAD-2026-00861,Gujarat,Surat,Surat Constituency 4,Kavita Joshi,Sports Infrastructure Improvement,Sports Infrastructure,4354000.0,3381789.44,1932925.7,Completed,2022-10-29,2023-01-13,2023-08-12,District Administration,Shree Infrastructure Pvt Ltd,23.253398,72.454604,11368.0,NORMAL
MPLAD-2026-00436,Karnataka,Mysuru,Mysuru Constituency 1,Anil Verma,Electricity Infrastructure Improvement,Electricity,2633000.0,2251300.55,1843487.86,Completed,2021-02-13,2021-04-06,2021-07-23,Zilla Parishad,Eastern Infrastructure,12.891974,77.235366,13779.0,NORMAL
MPLAD-2026-00103,Andhra Pradesh,Nellore,Nellore Constituency 2,Rohit Mehta,Village Community Centre,Community Infrastructure,1119000.0,919504.51,795261.79,Completed,2024-11-26,2024-12-28,2025-08-25,State Public Works Department,Vardhan Construction,15.880049,80.177979,14941.0,NORMAL
